date,predicted_total_revenue_eur,predicted_capacity_revenue_eur,predicted_activation_revenue_eur,predicted_activation_energy_mwh,predicted_energy_cost_eur,predicted_profit_eur
2025-11-07,384785.4927927052,1800.0000000000582,382985.49279270513,30.0,29050.784733995843,355734.70805870934
2025-11-08,384785.4927927052,1800.0000000000582,382985.49279270513,30.0,29032.494732061303,355752.9980606439
2025-11-09,384785.4927927052,1800.0000000000582,382985.49279270513,30.0,29032.494732061303,355752.9980606439
2025-11-10,384785.4927927052,1800.0000000000582,382985.49279270513,30.0,29050.784733995843,355734.70805870934
2025-11-11,384785.4927927052,1800.0000000000582,382985.49279270513,30.0,29050.784733995843,355734.70805870934
2025-11-12,384785.4927927052,1800.0000000000582,382985.49279270513,30.0,29050.784733995843,355734.70805870934
2025-11-13,384785.4927927052,1800.0000000000582,382985.49279270513,30.0,29050.784733995843,355734.70805870934
2025-11-14,384785.4927927052,1800.0000000000582,382985.49279270513,30.0,29050.784733995843,355734.70805870934
2025-11-15,384785.4927927052,1800.0000000000582,382985.49279270513,30.0,29032.494732061303,355752.9980606439
2025-11-16,384785.4927927052,1800.0000000000582,382985.49279270513,30.0,29032.494732061303,355752.9980606439
2025-11-17,384785.4927927052,1800.0000000000582,382985.49279270513,30.0,29050.784733995843,355734.70805870934
2025-11-18,384785.4927927052,1800.0000000000582,382985.49279270513,30.0,29050.784733995843,355734.70805870934
2025-11-19,384785.4927927052,1800.0000000000582,382985.49279270513,30.0,29050.784733995843,355734.70805870934
2025-11-20,384785.4927927052,1800.0000000000582,382985.49279270513,30.0,29050.784733995843,355734.70805870934
2025-11-21,384785.4927927052,1800.0000000000582,382985.49279270513,30.0,29050.784733995843,355734.70805870934
2025-11-22,384785.4927927052,1800.0000000000582,382985.49279270513,30.0,29032.494732061303,355752.9980606439
2025-11-23,384785.4927927052,1800.0000000000582,382985.49279270513,30.0,29032.494732061303,355752.9980606439
2025-11-24,384785.4927927052,1800.0000000000582,382985.49279270513,30.0,29050.784733995843,355734.70805870934
2025-11-25,384785.4927927052,1800.0000000000582,382985.49279270513,30.0,29050.784733995843,355734.70805870934
2025-11-26,384785.4927927052,1800.0000000000582,382985.49279270513,30.0,29050.784733995843,355734.70805870934
2025-11-27,384785.4927927052,1800.0000000000582,382985.49279270513,30.0,29050.784733995843,355734.70805870934
2025-11-28,384785.4927927052,1800.0000000000582,382985.49279270513,30.0,29050.784733995843,355734.70805870934
2025-11-29,384785.4927927052,1800.0000000000582,382985.49279270513,30.0,29032.494732061303,355752.9980606439
2025-11-30,384785.4927927052,1800.0000000000582,382985.49279270513,30.0,29032.494732061303,355752.9980606439
2025-12-01,384785.4927927052,1800.0000000000582,382985.49279270513,30.0,29050.784733995843,355734.70805870934
2025-12-02,384785.4927927052,1800.0000000000582,382985.49279270513,30.0,29050.784733995843,355734.70805870934
2025-12-03,384785.4927927052,1800.0000000000582,382985.49279270513,30.0,29050.784733995843,355734.70805870934
2025-12-04,384785.4927927052,1800.0000000000582,382985.49279270513,30.0,29050.784733995843,355734.70805870934
2025-12-05,384785.4927927052,1800.0000000000582,382985.49279270513,30.0,29050.784733995843,355734.70805870934
2025-12-06,384785.4927927052,1800.0000000000582,382985.49279270513,30.0,29032.494732061303,355752.9980606439
2025-12-07,384785.4927927052,1800.0000000000582,382985.49279270513,30.0,29032.494732061303,355752.9980606439
2025-12-08,384785.4927927052,1800.0000000000582,382985.49279270513,30.0,29050.784733995843,355734.70805870934
2025-12-09,384785.4927927052,1800.0000000000582,382985.49279270513,30.0,29050.784733995843,355734.70805870934
2025-12-10,384785.4927927052,1800.0000000000582,382985.49279270513,30.0,29050.784733995843,355734.70805870934
2025-12-11,384785.4927927052,1800.0000000000582,382985.49279270513,30.0,29050.784733995843,355734.70805870934
2025-12-12,384785.4927927052,1800.0000000000582,382985.49279270513,30.0,29050.784733995843,355734.70805870934
2025-12-13,384785.4927927052,1800.0000000000582,382985.49279270513,30.0,29032.494732061303,355752.9980606439
2025-12-14,384785.4927927052,1800.0000000000582,382985.49279270513,30.0,29032.494732061303,355752.9980606439
2025-12-15,384785.4927927052,1800.0000000000582,382985.49279270513,30.0,29050.784733995843,355734.70805870934
2025-12-16,384785.4927927052,1800.0000000000582,382985.49279270513,30.0,29050.784733995843,355734.70805870934
2025-12-17,384785.4927927052,1800.0000000000582,382985.49279270513,30.0,29050.784733995843,355734.70805870934
2025-12-18,384785.4927927052,1800.0000000000582,382985.49279270513,30.0,29050.784733995843,355734.70805870934
2025-12-19,384785.4927927052,1800.0000000000582,382985.49279270513,30.0,29050.784733995843,355734.70805870934
2025-12-20,384785.4927927052,1800.0000000000582,382985.49279270513,30.0,29032.494732061303,355752.9980606439
2025-12-21,384785.4927927052,1800.0000000000582,382985.49279270513,30.0,29032.494732061303,355752.9980606439
2025-12-22,384785.4927927052,1800.0000000000582,382985.49279270513,30.0,29050.784733995843,355734.70805870934
2025-12-23,384785.4927927052,1800.0000000000582,382985.49279270513,30.0,29050.784733995843,355734.70805870934
2025-12-24,384785.4927927052,1800.0000000000582,382985.49279270513,30.0,29050.784733995843,355734.70805870934
2025-12-25,384785.4927927052,1800.0000000000582,382985.49279270513,30.0,29050.784733995843,355734.70805870934
2025-12-26,384785.4927927052,1800.0000000000582,382985.49279270513,30.0,29050.784733995843,355734.70805870934
2025-12-27,384785.4927927052,1800.0000000000582,382985.49279270513,30.0,29032.494732061303,355752.9980606439
2025-12-28,384785.4927927052,1800.0000000000582,382985.49279270513,30.0,29032.494732061303,355752.9980606439
2025-12-29,384785.4927927052,1800.0000000000582,382985.49279270513,30.0,29050.784733995843,355734.70805870934
2025-12-30,384785.4927927052,1800.0000000000582,382985.49279270513,30.0,29050.784733995843,355734.70805870934
2025-12-31,384785.4927927052,1800.0000000000582,382985.49279270513,30.0,29050.784733995843,355734.70805870934
2026-01-01,384785.4927927052,1800.0000000000582,382985.49279270513,30.0,29050.784733995843,355734.70805870934
2026-01-02,384785.4927927052,1800.0000000000582,382985.49279270513,30.0,29050.784733995843,355734.70805870934
2026-01-03,384785.4927927052,1800.0000000000582,382985.49279270513,30.0,29032.494732061303,355752.9980606439
2026-01-04,384785.4927927052,1800.0000000000582,382985.49279270513,30.0,29032.494732061303,355752.9980606439
2026-01-05,384785.4927927052,1800.0000000000582,382985.49279270513,30.0,29050.784733995843,355734.70805870934
2026-01-06,384785.4927927052,1800.0000000000582,382985.49279270513,30.0,29050.784733995843,355734.70805870934
2026-01-07,384785.4927927052,1800.0000000000582,382985.49279270513,30.0,29050.784733995843,355734.70805870934
2026-01-08,384785.4927927052,1800.0000000000582,382985.49279270513,30.0,29050.784733995843,355734.70805870934
2026-01-09,384785.4927927052,1800.0000000000582,382985.49279270513,30.0,29050.784733995843,355734.70805870934
2026-01-10,384785.4927927052,1800.0000000000582,382985.49279270513,30.0,29032.494732061303,355752.9980606439
2026-01-11,384785.4927927052,1800.0000000000582,382985.49279270513,30.0,29032.494732061303,355752.9980606439
2026-01-12,384785.4927927052,1800.0000000000582,382985.49279270513,30.0,29050.784733995843,355734.70805870934
2026-01-13,384785.4927927052,1800.0000000000582,382985.49279270513,30.0,29050.784733995843,355734.70805870934
2026-01-14,384785.4927927052,1800.0000000000582,382985.49279270513,30.0,29050.784733995843,355734.70805870934
2026-01-15,384785.4927927052,1800.0000000000582,382985.49279270513,30.0,29050.784733995843,355734.70805870934
2026-01-16,384785.4927927052,1800.0000000000582,382985.49279270513,30.0,29050.784733995843,355734.70805870934
2026-01-17,384785.4927927052,1800.0000000000582,382985.49279270513,30.0,29032.494732061303,355752.9980606439
2026-01-18,384785.4927927052,1800.0000000000582,382985.49279270513,30.0,29032.494732061303,355752.9980606439
2026-01-19,384785.4927927052,1800.0000000000582,382985.49279270513,30.0,29050.784733995843,355734.70805870934
2026-01-20,384785.4927927052,1800.0000000000582,382985.49279270513,30.0,29050.784733995843,355734.70805870934
2026-01-21,384785.4927927052,1800.0000000000582,382985.49279270513,30.0,29050.784733995843,355734.70805870934
2026-01-22,384785.4927927052,1800.0000000000582,382985.49279270513,30.0,29050.784733995843,355734.70805870934
2026-01-23,384785.4927927052,1800.0000000000582,382985.49279270513,30.0,29050.784733995843,355734.70805870934
2026-01-24,384785.4927927052,1800.0000000000582,382985.49279270513,30.0,29032.494732061303,355752.9980606439
2026-01-25,384785.4927927052,1800.0000000000582,382985.49279270513,30.0,29032.494732061303,355752.9980606439
2026-01-26,384785.4927927052,1800.0000000000582,382985.49279270513,30.0,29050.784733995843,355734.70805870934
2026-01-27,384785.4927927052,1800.0000000000582,382985.49279270513,30.0,29050.784733995843,355734.70805870934
2026-01-28,384785.4927927052,1800.0000000000582,382985.49279270513,30.0,29050.784733995843,355734.70805870934
2026-01-29,384785.4927927052,1800.0000000000582,382985.49279270513,30.0,29050.784733995843,355734.70805870934
2026-01-30,384785.4927927052,1800.0000000000582,382985.49279270513,30.0,29050.784733995843,355734.70805870934
2026-01-31,384785.4927927052,1800.0000000000582,382985.49279270513,30.0,29032.494732061303,355752.9980606439
2026-02-01,384785.4927927052,1800.0000000000582,382985.49279270513,30.0,29032.494732061303,355752.9980606439
2026-02-02,384785.4927927052,1800.0000000000582,382985.49279270513,30.0,29050.784733995843,355734.70805870934
2026-02-03,384785.4927927052,1800.0000000000582,382985.49279270513,30.0,29050.784733995843,355734.70805870934
2026-02-04,384785.4927927052,1800.0000000000582,382985.49279270513,30.0,29050.784733995843,355734.70805870934
2026-02-05,384785.4927927052,1800.0000000000582,382985.49279270513,30.0,29050.784733995843,355734.70805870934
2026-02-06,384785.4927927052,1800.0000000000582,382985.49279270513,30.0,29050.784733995843,355734.70805870934
2026-02-07,384785.4927927052,1800.0000000000582,382985.49279270513,30.0,29032.494732061303,355752.9980606439
2026-02-08,384785.4927927052,1800.0000000000582,382985.49279270513,30.0,29032.494732061303,355752.9980606439
2026-02-09,384785.4927927052,1800.0000000000582,382985.49279270513,30.0,29050.784733995843,355734.70805870934
2026-02-10,384785.4927927052,1800.0000000000582,382985.49279270513,30.0,29050.784733995843,355734.70805870934
2026-02-11,384785.4927927052,1800.0000000000582,382985.49279270513,30.0,29050.784733995843,355734.70805870934
2026-02-12,384785.4927927052,1800.0000000000582,382985.49279270513,30.0,29050.784733995843,355734.70805870934
2026-02-13,384785.4927927052,1800.0000000000582,382985.49279270513,30.0,29050.784733995843,355734.70805870934
2026-02-14,384785.4927927052,1800.0000000000582,382985.49279270513,30.0,29032.494732061303,355752.9980606439
2026-02-15,384785.4927927052,1800.0000000000582,382985.49279270513,30.0,29032.494732061303,355752.9980606439
2026-02-16,384785.4927927052,1800.0000000000582,382985.49279270513,30.0,29050.784733995843,355734.70805870934
2026-02-17,384785.4927927052,1800.0000000000582,382985.49279270513,30.0,29050.784733995843,355734.70805870934
2026-02-18,384785.4927927052,1800.0000000000582,382985.49279270513,30.0,29050.784733995843,355734.70805870934
2026-02-19,384785.4927927052,1800.0000000000582,382985.49279270513,30.0,29050.784733995843,355734.70805870934
2026-02-20,384785.4927927052,1800.0000000000582,382985.49279270513,30.0,29050.784733995843,355734.70805870934
2026-02-21,384785.4927927052,1800.0000000000582,382985.49279270513,30.0,29032.494732061303,355752.9980606439
2026-02-22,384785.4927927052,1800.0000000000582,382985.49279270513,30.0,29032.494732061303,355752.9980606439
2026-02-23,384785.4927927052,1800.0000000000582,382985.49279270513,30.0,29050.784733995843,355734.70805870934
2026-02-24,384785.4927927052,1800.0000000000582,382985.49279270513,30.0,29050.784733995843,355734.70805870934
2026-02-25,384785.4927927052,1800.0000000000582,382985.49279270513,30.0,29050.784733995843,355734.70805870934
2026-02-26,384785.4927927052,1800.0000000000582,382985.49279270513,30.0,29050.784733995843,355734.70805870934
2026-02-27,384785.4927927052,1800.0000000000582,382985.49279270513,30.0,29050.784733995843,355734.70805870934
2026-02-28,384785.4927927052,1800.0000000000582,382985.49279270513,30.0,29032.494732061303,355752.9980606439
2026-03-01,384785.4927927052,1800.0000000000582,382985.49279270513,30.0,29032.494732061303,355752.9980606439
2026-03-02,384785.4927927052,1800.0000000000582,382985.49279270513,30.0,29050.784733995843,355734.70805870934
2026-03-03,384785.4927927052,1800.0000000000582,382985.49279270513,30.0,29050.784733995843,355734.70805870934
2026-03-04,384785.4927927052,1800.0000000000582,382985.49279270513,30.0,29050.784733995843,355734.70805870934
2026-03-05,384785.4927927052,1800.0000000000582,382985.49279270513,30.0,29050.784733995843,355734.70805870934
2026-03-06,384785.4927927052,1800.0000000000582,382985.49279270513,30.0,29050.784733995843,355734.70805870934
2026-03-07,384785.4927927052,1800.0000000000582,382985.49279270513,30.0,29032.494732061303,355752.9980606439
2026-03-08,384785.4927927052,1800.0000000000582,382985.49279270513,30.0,29032.494732061303,355752.9980606439
2026-03-09,384785.4927927052,1800.0000000000582,382985.49279270513,30.0,29050.784733995843,355734.70805870934
2026-03-10,384785.4927927052,1800.0000000000582,382985.49279270513,30.0,29050.784733995843,355734.70805870934
2026-03-11,384785.4927927052,1800.0000000000582,382985.49279270513,30.0,29050.784733995843,355734.70805870934
2026-03-12,384785.4927927052,1800.0000000000582,382985.49279270513,30.0,29050.784733995843,355734.70805870934
2026-03-13,384785.4927927052,1800.0000000000582,382985.49279270513,30.0,29050.784733995843,355734.70805870934
2026-03-14,384785.4927927052,1800.0000000000582,382985.49279270513,30.0,29032.494732061303,355752.9980606439
2026-03-15,384785.4927927052,1800.0000000000582,382985.49279270513,30.0,29032.494732061303,355752.9980606439
2026-03-16,384785.4927927052,1800.0000000000582,382985.49279270513,30.0,29050.784733995843,355734.70805870934
2026-03-17,384785.4927927052,1800.0000000000582,382985.49279270513,30.0,29050.784733995843,355734.70805870934
2026-03-18,384785.4927927052,1800.0000000000582,382985.49279270513,30.0,29050.784733995843,355734.70805870934
2026-03-19,384785.4927927052,1800.0000000000582,382985.49279270513,30.0,29050.784733995843,355734.70805870934
2026-03-20,384785.4927927052,1800.0000000000582,382985.49279270513,30.0,29050.784733995843,355734.70805870934
2026-03-21,384785.4927927052,1800.0000000000582,382985.49279270513,30.0,29032.494732061303,355752.9980606439
2026-03-22,384785.4927927052,1800.0000000000582,382985.49279270513,30.0,29032.494732061303,355752.9980606439
2026-03-23,384785.4927927052,1800.0000000000582,382985.49279270513,30.0,29050.784733995843,355734.70805870934
2026-03-24,384785.4927927052,1800.0000000000582,382985.49279270513,30.0,29050.784733995843,355734.70805870934
2026-03-25,384785.4927927052,1800.0000000000582,382985.49279270513,30.0,29050.784733995843,355734.70805870934
2026-03-26,384785.4927927052,1800.0000000000582,382985.49279270513,30.0,29050.784733995843,355734.70805870934
2026-03-27,384785.4927927052,1800.0000000000582,382985.49279270513,30.0,29050.784733995843,355734.70805870934
2026-03-28,384785.4927927052,1800.0000000000582,382985.49279270513,30.0,29032.494732061303,355752.9980606439
2026-03-29,384785.4927927052,1800.0000000000582,382985.49279270513,30.0,29032.494732061303,355752.9980606439
2026-03-30,384785.4927927052,1800.0000000000582,382985.49279270513,30.0,29050.784733995843,355734.70805870934
2026-03-31,384785.4927927052,1800.0000000000582,382985.49279270513,30.0,29050.784733995843,355734.70805870934
2026-04-01,384785.4927927052,1800.0000000000582,382985.49279270513,30.0,29050.784733995843,355734.70805870934
2026-04-02,384785.4927927052,1800.0000000000582,382985.49279270513,30.0,29050.784733995843,355734.70805870934
2026-04-03,384785.4927927052,1800.0000000000582,382985.49279270513,30.0,29050.784733995843,355734.70805870934
2026-04-04,384785.4927927052,1800.0000000000582,382985.49279270513,30.0,29032.494732061303,355752.9980606439
2026-04-05,384785.4927927052,1800.0000000000582,382985.49279270513,30.0,29032.494732061303,355752.9980606439
2026-04-06,384785.4927927052,1800.0000000000582,382985.49279270513,30.0,29050.784733995843,355734.70805870934
2026-04-07,384785.4927927052,1800.0000000000582,382985.49279270513,30.0,29050.784733995843,355734.70805870934
2026-04-08,384785.4927927052,1800.0000000000582,382985.49279270513,30.0,29050.784733995843,355734.70805870934
2026-04-09,384785.4927927052,1800.0000000000582,382985.49279270513,30.0,29050.784733995843,355734.70805870934
2026-04-10,384785.4927927052,1800.0000000000582,382985.49279270513,30.0,29050.784733995843,355734.70805870934
2026-04-11,384785.4927927052,1800.0000000000582,382985.49279270513,30.0,29032.494732061303,355752.9980606439
2026-04-12,384785.4927927052,1800.0000000000582,382985.49279270513,30.0,29032.494732061303,355752.9980606439
2026-04-13,384785.4927927052,1800.0000000000582,382985.49279270513,30.0,29050.784733995843,355734.70805870934
2026-04-14,384785.4927927052,1800.0000000000582,382985.49279270513,30.0,29050.784733995843,355734.70805870934
2026-04-15,384785.4927927052,1800.0000000000582,382985.49279270513,30.0,29050.784733995843,355734.70805870934
2026-04-16,384785.4927927052,1800.0000000000582,382985.49279270513,30.0,29050.784733995843,355734.70805870934
2026-04-17,384785.4927927052,1800.0000000000582,382985.49279270513,30.0,29050.784733995843,355734.70805870934
2026-04-18,384785.4927927052,1800.0000000000582,382985.49279270513,30.0,29032.494732061303,355752.9980606439
2026-04-19,384785.4927927052,1800.0000000000582,382985.49279270513,30.0,29032.494732061303,355752.9980606439
2026-04-20,384785.4927927052,1800.0000000000582,382985.49279270513,30.0,29050.784733995843,355734.70805870934
2026-04-21,384785.4927927052,1800.0000000000582,382985.49279270513,30.0,29050.784733995843,355734.70805870934
2026-04-22,384785.4927927052,1800.0000000000582,382985.49279270513,30.0,29050.784733995843,355734.70805870934
2026-04-23,384785.4927927052,1800.0000000000582,382985.49279270513,30.0,29050.784733995843,355734.70805870934
2026-04-24,384785.4927927052,1800.0000000000582,382985.49279270513,30.0,29050.784733995843,355734.70805870934
2026-04-25,384785.4927927052,1800.0000000000582,382985.49279270513,30.0,29032.494732061303,355752.9980606439
2026-04-26,384785.4927927052,1800.0000000000582,382985.49279270513,30.0,29032.494732061303,355752.9980606439
2026-04-27,384785.4927927052,1800.0000000000582,382985.49279270513,30.0,29050.784733995843,355734.70805870934
2026-04-28,384785.4927927052,1800.0000000000582,382985.49279270513,30.0,29050.784733995843,355734.70805870934
2026-04-29,384785.4927927052,1800.0000000000582,382985.49279270513,30.0,29050.784733995843,355734.70805870934
2026-04-30,384785.4927927052,1800.0000000000582,382985.49279270513,30.0,29050.784733995843,355734.70805870934
2026-05-01,384785.4927927052,1800.0000000000582,382985.49279270513,30.0,29050.784733995843,355734.70805870934
2026-05-02,384785.4927927052,1800.0000000000582,382985.49279270513,30.0,29032.494732061303,355752.9980606439
2026-05-03,384785.4927927052,1800.0000000000582,382985.49279270513,30.0,29032.494732061303,355752.9980606439
2026-05-04,384785.4927927052,1800.0000000000582,382985.49279270513,30.0,29050.784733995843,355734.70805870934
2026-05-05,384785.4927927052,1800.0000000000582,382985.49279270513,30.0,29050.784733995843,355734.70805870934
2026-05-06,384785.4927927052,1800.0000000000582,382985.49279270513,30.0,29050.784733995843,355734.70805870934
2026-05-07,384785.4927927052,1800.0000000000582,382985.49279270513,30.0,29050.784733995843,355734.70805870934
2026-05-08,384785.4927927052,1800.0000000000582,382985.49279270513,30.0,29050.784733995843,355734.70805870934
2026-05-09,384785.4927927052,1800.0000000000582,382985.49279270513,30.0,29032.494732061303,355752.9980606439
2026-05-10,384785.4927927052,1800.0000000000582,382985.49279270513,30.0,29032.494732061303,355752.9980606439
2026-05-11,384785.4927927052,1800.0000000000582,382985.49279270513,30.0,29050.784733995843,355734.70805870934
2026-05-12,384785.4927927052,1800.0000000000582,382985.49279270513,30.0,29050.784733995843,355734.70805870934
2026-05-13,384785.4927927052,1800.0000000000582,382985.49279270513,30.0,29050.784733995843,355734.70805870934
2026-05-14,384785.4927927052,1800.0000000000582,382985.49279270513,30.0,29050.784733995843,355734.70805870934
2026-05-15,384785.4927927052,1800.0000000000582,382985.49279270513,30.0,29050.784733995843,355734.70805870934
2026-05-16,384785.4927927052,1800.0000000000582,382985.49279270513,30.0,29032.494732061303,355752.9980606439
2026-05-17,384785.4927927052,1800.0000000000582,382985.49279270513,30.0,29032.494732061303,355752.9980606439
2026-05-18,384785.4927927052,1800.0000000000582,382985.49279270513,30.0,29050.784733995843,355734.70805870934
2026-05-19,384785.4927927052,1800.0000000000582,382985.49279270513,30.0,29050.784733995843,355734.70805870934
2026-05-20,384785.4927927052,1800.0000000000582,382985.49279270513,30.0,29050.784733995843,355734.70805870934
2026-05-21,384785.4927927052,1800.0000000000582,382985.49279270513,30.0,29050.784733995843,355734.70805870934
2026-05-22,384785.4927927052,1800.0000000000582,382985.49279270513,30.0,29050.784733995843,355734.70805870934
2026-05-23,384785.4927927052,1800.0000000000582,382985.49279270513,30.0,29032.494732061303,355752.9980606439
2026-05-24,384785.4927927052,1800.0000000000582,382985.49279270513,30.0,29032.494732061303,355752.9980606439
2026-05-25,384785.4927927052,1800.0000000000582,382985.49279270513,30.0,29050.784733995843,355734.70805870934
2026-05-26,384785.4927927052,1800.0000000000582,382985.49279270513,30.0,29050.784733995843,355734.70805870934
2026-05-27,384785.4927927052,1800.0000000000582,382985.49279270513,30.0,29050.784733995843,355734.70805870934
2026-05-28,384785.4927927052,1800.0000000000582,382985.49279270513,30.0,29050.784733995843,355734.70805870934
2026-05-29,384785.4927927052,1800.0000000000582,382985.49279270513,30.0,29050.784733995843,355734.70805870934
2026-05-30,384785.4927927052,1800.0000000000582,382985.49279270513,30.0,29032.494732061303,355752.9980606439
2026-05-31,384785.4927927052,1800.0000000000582,382985.49279270513,30.0,29032.494732061303,355752.9980606439
2026-06-01,384785.4927927052,1800.0000000000582,382985.49279270513,30.0,29050.784733995843,355734.70805870934
2026-06-02,384785.4927927052,1800.0000000000582,382985.49279270513,30.0,29050.784733995843,355734.70805870934
2026-06-03,384785.4927927052,1800.0000000000582,382985.49279270513,30.0,29050.784733995843,355734.70805870934
2026-06-04,384785.4927927052,1800.0000000000582,382985.49279270513,30.0,29050.784733995843,355734.70805870934
2026-06-05,384785.4927927052,1800.0000000000582,382985.49279270513,30.0,29050.784733995843,355734.70805870934
2026-06-06,384785.4927927052,1800.0000000000582,382985.49279270513,30.0,29032.494732061303,355752.9980606439
2026-06-07,384785.4927927052,1800.0000000000582,382985.49279270513,30.0,29032.494732061303,355752.9980606439
2026-06-08,384785.4927927052,1800.0000000000582,382985.49279270513,30.0,29050.784733995843,355734.70805870934
2026-06-09,384785.4927927052,1800.0000000000582,382985.49279270513,30.0,29050.784733995843,355734.70805870934
2026-06-10,384785.4927927052,1800.0000000000582,382985.49279270513,30.0,29050.784733995843,355734.70805870934
2026-06-11,384785.4927927052,1800.0000000000582,382985.49279270513,30.0,29050.784733995843,355734.70805870934
2026-06-12,384785.4927927052,1800.0000000000582,382985.49279270513,30.0,29050.784733995843,355734.70805870934
2026-06-13,384785.4927927052,1800.0000000000582,382985.49279270513,30.0,29032.494732061303,355752.9980606439
2026-06-14,384785.4927927052,1800.0000000000582,382985.49279270513,30.0,29032.494732061303,355752.9980606439
2026-06-15,384785.4927927052,1800.0000000000582,382985.49279270513,30.0,29050.784733995843,355734.70805870934
2026-06-16,384785.4927927052,1800.0000000000582,382985.49279270513,30.0,29050.784733995843,355734.70805870934
2026-06-17,384785.4927927052,1800.0000000000582,382985.49279270513,30.0,29050.784733995843,355734.70805870934
2026-06-18,384785.4927927052,1800.0000000000582,382985.49279270513,30.0,29050.784733995843,355734.70805870934
2026-06-19,384785.4927927052,1800.0000000000582,382985.49279270513,30.0,29050.784733995843,355734.70805870934
2026-06-20,384785.4927927052,1800.0000000000582,382985.49279270513,30.0,29032.494732061303,355752.9980606439
2026-06-21,384785.4927927052,1800.0000000000582,382985.49279270513,30.0,29032.494732061303,355752.9980606439
2026-06-22,384785.4927927052,1800.0000000000582,382985.49279270513,30.0,29050.784733995843,355734.70805870934
2026-06-23,384785.4927927052,1800.0000000000582,382985.49279270513,30.0,29050.784733995843,355734.70805870934
2026-06-24,384785.4927927052,1800.0000000000582,382985.49279270513,30.0,29050.784733995843,355734.70805870934
2026-06-25,384785.4927927052,1800.0000000000582,382985.49279270513,30.0,29050.784733995843,355734.70805870934
2026-06-26,384785.4927927052,1800.0000000000582,382985.49279270513,30.0,29050.784733995843,355734.70805870934
2026-06-27,384785.4927927052,1800.0000000000582,382985.49279270513,30.0,29032.494732061303,355752.9980606439
2026-06-28,384785.4927927052,1800.0000000000582,382985.49279270513,30.0,29032.494732061303,355752.9980606439
2026-06-29,384785.4927927052,1800.0000000000582,382985.49279270513,30.0,29050.784733995843,355734.70805870934
2026-06-30,384785.4927927052,1800.0000000000582,382985.49279270513,30.0,29050.784733995843,355734.70805870934
2026-07-01,384785.4927927052,1800.0000000000582,382985.49279270513,30.0,29050.784733995843,355734.70805870934
2026-07-02,384785.4927927052,1800.0000000000582,382985.49279270513,30.0,29050.784733995843,355734.70805870934
2026-07-03,384785.4927927052,1800.0000000000582,382985.49279270513,30.0,29050.784733995843,355734.70805870934
2026-07-04,384785.4927927052,1800.0000000000582,382985.49279270513,30.0,29032.494732061303,355752.9980606439
2026-07-05,384785.4927927052,1800.0000000000582,382985.49279270513,30.0,29032.494732061303,355752.9980606439
2026-07-06,384785.4927927052,1800.0000000000582,382985.49279270513,30.0,29050.784733995843,355734.70805870934
2026-07-07,384785.4927927052,1800.0000000000582,382985.49279270513,30.0,29050.784733995843,355734.70805870934
2026-07-08,384785.4927927052,1800.0000000000582,382985.49279270513,30.0,29050.784733995843,355734.70805870934
2026-07-09,384785.4927927052,1800.0000000000582,382985.49279270513,30.0,29050.784733995843,355734.70805870934
2026-07-10,384785.4927927052,1800.0000000000582,382985.49279270513,30.0,29050.784733995843,355734.70805870934
2026-07-11,384785.4927927052,1800.0000000000582,382985.49279270513,30.0,29032.494732061303,355752.9980606439
2026-07-12,384785.4927927052,1800.0000000000582,382985.49279270513,30.0,29032.494732061303,355752.9980606439
2026-07-13,384785.4927927052,1800.0000000000582,382985.49279270513,30.0,29050.784733995843,355734.70805870934
2026-07-14,384785.4927927052,1800.0000000000582,382985.49279270513,30.0,29050.784733995843,355734.70805870934
2026-07-15,384785.4927927052,1800.0000000000582,382985.49279270513,30.0,29050.784733995843,355734.70805870934
2026-07-16,384785.4927927052,1800.0000000000582,382985.49279270513,30.0,29050.784733995843,355734.70805870934
2026-07-17,384785.4927927052,1800.0000000000582,382985.49279270513,30.0,29050.784733995843,355734.70805870934
2026-07-18,384785.4927927052,1800.0000000000582,382985.49279270513,30.0,29032.494732061303,355752.9980606439
2026-07-19,384785.4927927052,1800.0000000000582,382985.49279270513,30.0,29032.494732061303,355752.9980606439
2026-07-20,384785.4927927052,1800.0000000000582,382985.49279270513,30.0,29050.784733995843,355734.70805870934
2026-07-21,384785.4927927052,1800.0000000000582,382985.49279270513,30.0,29050.784733995843,355734.70805870934
2026-07-22,384785.4927927052,1800.0000000000582,382985.49279270513,30.0,29050.784733995843,355734.70805870934
2026-07-23,384785.4927927052,1800.0000000000582,382985.49279270513,30.0,29050.784733995843,355734.70805870934
2026-07-24,384785.4927927052,1800.0000000000582,382985.49279270513,30.0,29050.784733995843,355734.70805870934
2026-07-25,384785.4927927052,1800.0000000000582,382985.49279270513,30.0,29032.494732061303,355752.9980606439
2026-07-26,384785.4927927052,1800.0000000000582,382985.49279270513,30.0,29032.494732061303,355752.9980606439
2026-07-27,384785.4927927052,1800.0000000000582,382985.49279270513,30.0,29050.784733995843,355734.70805870934
2026-07-28,384785.4927927052,1800.0000000000582,382985.49279270513,30.0,29050.784733995843,355734.70805870934
2026-07-29,384785.4927927052,1800.0000000000582,382985.49279270513,30.0,29050.784733995843,355734.70805870934
2026-07-30,384785.4927927052,1800.0000000000582,382985.49279270513,30.0,29050.784733995843,355734.70805870934
2026-07-31,384785.4927927052,1800.0000000000582,382985.49279270513,30.0,29050.784733995843,355734.70805870934
2026-08-01,384785.4927927052,1800.0000000000582,382985.49279270513,30.0,29032.494732061303,355752.9980606439
2026-08-02,384785.4927927052,1800.0000000000582,382985.49279270513,30.0,29032.494732061303,355752.9980606439
2026-08-03,384785.4927927052,1800.0000000000582,382985.49279270513,30.0,29050.784733995843,355734.70805870934
2026-08-04,384785.4927927052,1800.0000000000582,382985.49279270513,30.0,29050.784733995843,355734.70805870934
2026-08-05,384785.4927927052,1800.0000000000582,382985.49279270513,30.0,29050.784733995843,355734.70805870934
2026-08-06,384785.4927927052,1800.0000000000582,382985.49279270513,30.0,29050.784733995843,355734.70805870934
2026-08-07,384785.4927927052,1800.0000000000582,382985.49279270513,30.0,29050.784733995843,355734.70805870934
2026-08-08,384785.4927927052,1800.0000000000582,382985.49279270513,30.0,29032.494732061303,355752.9980606439
2026-08-09,384785.4927927052,1800.0000000000582,382985.49279270513,30.0,29032.494732061303,355752.9980606439
2026-08-10,384785.4927927052,1800.0000000000582,382985.49279270513,30.0,29050.784733995843,355734.70805870934
2026-08-11,384785.4927927052,1800.0000000000582,382985.49279270513,30.0,29050.784733995843,355734.70805870934
2026-08-12,384785.4927927052,1800.0000000000582,382985.49279270513,30.0,29050.784733995843,355734.70805870934
2026-08-13,384785.4927927052,1800.0000000000582,382985.49279270513,30.0,29050.784733995843,355734.70805870934
2026-08-14,384785.4927927052,1800.0000000000582,382985.49279270513,30.0,29050.784733995843,355734.70805870934
2026-08-15,384785.4927927052,1800.0000000000582,382985.49279270513,30.0,29032.494732061303,355752.9980606439
2026-08-16,384785.4927927052,1800.0000000000582,382985.49279270513,30.0,29032.494732061303,355752.9980606439
2026-08-17,384785.4927927052,1800.0000000000582,382985.49279270513,30.0,29050.784733995843,355734.70805870934
2026-08-18,384785.4927927052,1800.0000000000582,382985.49279270513,30.0,29050.784733995843,355734.70805870934
2026-08-19,384785.4927927052,1800.0000000000582,382985.49279270513,30.0,29050.784733995843,355734.70805870934
2026-08-20,384785.4927927052,1800.0000000000582,382985.49279270513,30.0,29050.784733995843,355734.70805870934
2026-08-21,384785.4927927052,1800.0000000000582,382985.49279270513,30.0,29050.784733995843,355734.70805870934
2026-08-22,384785.4927927052,1800.0000000000582,382985.49279270513,30.0,29032.494732061303,355752.9980606439
2026-08-23,384785.4927927052,1800.0000000000582,382985.49279270513,30.0,29032.494732061303,355752.9980606439
2026-08-24,384785.4927927052,1800.0000000000582,382985.49279270513,30.0,29050.784733995843,355734.70805870934
2026-08-25,384785.4927927052,1800.0000000000582,382985.49279270513,30.0,29050.784733995843,355734.70805870934
2026-08-26,384785.4927927052,1800.0000000000582,382985.49279270513,30.0,29050.784733995843,355734.70805870934
2026-08-27,384785.4927927052,1800.0000000000582,382985.49279270513,30.0,29050.784733995843,355734.70805870934
2026-08-28,384785.4927927052,1800.0000000000582,382985.49279270513,30.0,29050.784733995843,355734.70805870934
2026-08-29,384785.4927927052,1800.0000000000582,382985.49279270513,30.0,29032.494732061303,355752.9980606439
2026-08-30,384785.4927927052,1800.0000000000582,382985.49279270513,30.0,29032.494732061303,355752.9980606439
2026-08-31,384785.4927927052,1800.0000000000582,382985.49279270513,30.0,29050.784733995843,355734.70805870934
2026-09-01,384785.4927927052,1800.0000000000582,382985.49279270513,30.0,29050.784733995843,355734.70805870934
2026-09-02,384785.4927927052,1800.0000000000582,382985.49279270513,30.0,29050.784733995843,355734.70805870934
2026-09-03,384785.4927927052,1800.0000000000582,382985.49279270513,30.0,29050.784733995843,355734.70805870934
2026-09-04,384785.4927927052,1800.0000000000582,382985.49279270513,30.0,29050.784733995843,355734.70805870934
2026-09-05,384785.4927927052,1800.0000000000582,382985.49279270513,30.0,29032.494732061303,355752.9980606439
2026-09-06,384785.4927927052,1800.0000000000582,382985.49279270513,30.0,29032.494732061303,355752.9980606439
2026-09-07,384785.4927927052,1800.0000000000582,382985.49279270513,30.0,29050.784733995843,355734.70805870934
2026-09-08,384785.4927927052,1800.0000000000582,382985.49279270513,30.0,29050.784733995843,355734.70805870934
2026-09-09,384785.4927927052,1800.0000000000582,382985.49279270513,30.0,29050.784733995843,355734.70805870934
2026-09-10,384785.4927927052,1800.0000000000582,382985.49279270513,30.0,29050.784733995843,355734.70805870934
2026-09-11,384785.4927927052,1800.0000000000582,382985.49279270513,30.0,29050.784733995843,355734.70805870934
2026-09-12,384785.4927927052,1800.0000000000582,382985.49279270513,30.0,29032.494732061303,355752.9980606439
2026-09-13,384785.4927927052,1800.0000000000582,382985.49279270513,30.0,29032.494732061303,355752.9980606439
2026-09-14,384785.4927927052,1800.0000000000582,382985.49279270513,30.0,29050.784733995843,355734.70805870934
2026-09-15,384785.4927927052,1800.0000000000582,382985.49279270513,30.0,29050.784733995843,355734.70805870934
2026-09-16,384785.4927927052,1800.0000000000582,382985.49279270513,30.0,29050.784733995843,355734.70805870934
2026-09-17,384785.4927927052,1800.0000000000582,382985.49279270513,30.0,29050.784733995843,355734.70805870934
2026-09-18,384785.4927927052,1800.0000000000582,382985.49279270513,30.0,29050.784733995843,355734.70805870934
2026-09-19,384785.4927927052,1800.0000000000582,382985.49279270513,30.0,29032.494732061303,355752.9980606439
2026-09-20,384785.4927927052,1800.0000000000582,382985.49279270513,30.0,29032.494732061303,355752.9980606439
2026-09-21,384785.4927927052,1800.0000000000582,382985.49279270513,30.0,29050.784733995843,355734.70805870934
2026-09-22,384785.4927927052,1800.0000000000582,382985.49279270513,30.0,29050.784733995843,355734.70805870934
2026-09-23,384785.4927927052,1800.0000000000582,382985.49279270513,30.0,29050.784733995843,355734.70805870934
2026-09-24,384785.4927927052,1800.0000000000582,382985.49279270513,30.0,29050.784733995843,355734.70805870934
2026-09-25,384785.4927927052,1800.0000000000582,382985.49279270513,30.0,29050.784733995843,355734.70805870934
2026-09-26,384785.4927927052,1800.0000000000582,382985.49279270513,30.0,29032.494732061303,355752.9980606439
2026-09-27,384785.4927927052,1800.0000000000582,382985.49279270513,30.0,29032.494732061303,355752.9980606439
2026-09-28,384785.4927927052,1800.0000000000582,382985.49279270513,30.0,29050.784733995843,355734.70805870934
2026-09-29,384785.4927927052,1800.0000000000582,382985.49279270513,30.0,29050.784733995843,355734.70805870934
2026-09-30,384785.4927927052,1800.0000000000582,382985.49279270513,30.0,29050.784733995843,355734.70805870934
2026-10-01,384785.4927927052,1800.0000000000582,382985.49279270513,30.0,29050.784733995843,355734.70805870934
2026-10-02,384785.4927927052,1800.0000000000582,382985.49279270513,30.0,29050.784733995843,355734.70805870934
2026-10-03,384785.4927927052,1800.0000000000582,382985.49279270513,30.0,29032.494732061303,355752.9980606439
2026-10-04,384785.4927927052,1800.0000000000582,382985.49279270513,30.0,29032.494732061303,355752.9980606439
2026-10-05,384785.4927927052,1800.0000000000582,382985.49279270513,30.0,29050.784733995843,355734.70805870934
2026-10-06,384785.4927927052,1800.0000000000582,382985.49279270513,30.0,29050.784733995843,355734.70805870934
2026-10-07,384785.4927927052,1800.0000000000582,382985.49279270513,30.0,29050.784733995843,355734.70805870934
2026-10-08,384785.4927927052,1800.0000000000582,382985.49279270513,30.0,29050.784733995843,355734.70805870934
2026-10-09,384785.4927927052,1800.0000000000582,382985.49279270513,30.0,29050.784733995843,355734.70805870934
2026-10-10,384785.4927927052,1800.0000000000582,382985.49279270513,30.0,29032.494732061303,355752.9980606439
2026-10-11,384785.4927927052,1800.0000000000582,382985.49279270513,30.0,29032.494732061303,355752.9980606439
2026-10-12,384785.4927927052,1800.0000000000582,382985.49279270513,30.0,29050.784733995843,355734.70805870934
2026-10-13,384785.4927927052,1800.0000000000582,382985.49279270513,30.0,29050.784733995843,355734.70805870934
2026-10-14,384785.4927927052,1800.0000000000582,382985.49279270513,30.0,29050.784733995843,355734.70805870934
2026-10-15,384785.4927927052,1800.0000000000582,382985.49279270513,30.0,29050.784733995843,355734.70805870934
2026-10-16,384785.4927927052,1800.0000000000582,382985.49279270513,30.0,29050.784733995843,355734.70805870934
2026-10-17,384785.4927927052,1800.0000000000582,382985.49279270513,30.0,29032.494732061303,355752.9980606439
2026-10-18,384785.4927927052,1800.0000000000582,382985.49279270513,30.0,29032.494732061303,355752.9980606439
2026-10-19,384785.4927927052,1800.0000000000582,382985.49279270513,30.0,29050.784733995843,355734.70805870934
2026-10-20,384785.4927927052,1800.0000000000582,382985.49279270513,30.0,29050.784733995843,355734.70805870934
2026-10-21,384785.4927927052,1800.0000000000582,382985.49279270513,30.0,29050.784733995843,355734.70805870934
2026-10-22,384785.4927927052,1800.0000000000582,382985.49279270513,30.0,29050.784733995843,355734.70805870934
2026-10-23,384785.4927927052,1800.0000000000582,382985.49279270513,30.0,29050.784733995843,355734.70805870934
2026-10-24,384785.4927927052,1800.0000000000582,382985.49279270513,30.0,29032.494732061303,355752.9980606439
2026-10-25,384785.4927927052,1800.0000000000582,382985.49279270513,30.0,29032.494732061303,355752.9980606439
2026-10-26,384785.4927927052,1800.0000000000582,382985.49279270513,30.0,29050.784733995843,355734.70805870934
2026-10-27,384785.4927927052,1800.0000000000582,382985.49279270513,30.0,29050.784733995843,355734.70805870934
2026-10-28,384785.4927927052,1800.0000000000582,382985.49279270513,30.0,29050.784733995843,355734.70805870934
2026-10-29,384785.4927927052,1800.0000000000582,382985.49279270513,30.0,29050.784733995843,355734.70805870934
2026-10-30,384785.4927927052,1800.0000000000582,382985.49279270513,30.0,29050.784733995843,355734.70805870934
2026-10-31,384785.4927927052,1800.0000000000582,382985.49279270513,30.0,29032.494732061303,355752.9980606439
2026-11-01,384785.4927927052,1800.0000000000582,382985.49279270513,30.0,29032.494732061303,355752.9980606439
2026-11-02,384785.4927927052,1800.0000000000582,382985.49279270513,30.0,29050.784733995843,355734.70805870934
2026-11-03,384785.4927927052,1800.0000000000582,382985.49279270513,30.0,29050.784733995843,355734.70805870934
2026-11-04,384785.4927927052,1800.0000000000582,382985.49279270513,30.0,29050.784733995843,355734.70805870934
2026-11-05,384785.4927927052,1800.0000000000582,382985.49279270513,30.0,29050.784733995843,355734.70805870934
2026-11-06,384785.4927927052,1800.0000000000582,382985.49279270513,30.0,29050.784733995843,355734.70805870934
