date,up_energy,down_energy,up_price,down_price,hedge_price,capacity_revenue_eur,activation_revenue_eur,activation_energy_mwh,energy_cost_eur,total_revenue_eur
2024-06-01,0.0,0.0,0.0,0.0,80.0,1800,0.0,0.0,0.0,1800.0
2024-06-02,0.0,0.0,0.0,0.0,80.0,1800,0.0,0.0,0.0,1800.0
2024-07-01,4809.505,769.306,257.69299337692826,-49.8999098759222,80.0,1800,1227338.4200000002,5578.811,323215.92,1229138.4200000002
2024-07-02,5554.657,665.567,202.29595489604296,-17.27414486921529,80.0,1800,1368449.28,6220.224,391127.2,1370249.28
2024-07-03,2776.663,1284.918,203.06162181421868,-13.601980633802818,80.0,1800,893547.82,4061.581,119339.6,895347.82
2024-07-04,1340.24,2864.518,203.37517396042927,-10.97485747820255,80.0,1800,925046.76,4204.758,0.0,926846.76
2024-07-05,1371.766,3982.175,161.60878185781357,-27.397684020791417,80.0,1800,1177867.02,5353.941000000001,0.0,1179667.02
2024-07-06,1579.329,3461.683,137.25637785043594,-51.044787474849095,80.0,1800,1109022.6400000001,5041.012,0.0,1110822.6400000001
2024-07-07,2513.682,2615.247,151.09886820925553,-43.76843980549967,80.0,1800,1128364.38,5128.929,0.0,1130164.38
2024-07-08,3892.2889999999998,470.286,228.0558769282361,0.09953051643192479,80.0,1800,959766.5,4362.575,273760.24,961566.5
2024-07-09,2466.264,1181.883,207.1711246646546,-7.3412202380952385,80.0,1800,802592.3400000001,3648.147,102750.48000000001,804392.3400000001
2024-07-10,4786.574,733.603,216.30098507712944,-18.38664696512408,80.0,1800,1214438.94,5520.177,324237.67999999993,1216238.94
2024-07-11,7718.058,536.254,244.75121981891348,-3.643521545942321,80.0,1800,1815948.6400000001,8254.312,574544.3200000001,1817748.6400000001
2024-07-12,5164.314,358.77,271.726322518444,0.2935466968477533,80.0,1800,1215078.48,5523.084000000001,384443.52,1216878.48
2024-07-13,3587.937,349.428,225.4462315560027,2.6031753018108654,80.0,1800,866220.3,3937.365,259080.72,868020.3
2024-07-14,7393.084,85.093,209.1165912139504,2.119653336686788,80.0,1800,1645198.94,7478.177,584639.28,1646998.94
2024-07-15,8280.698,177.11599999999999,265.42708123742455,-0.27970321931589537,80.0,1800,1860719.08,8457.814,648286.56,1862519.08
2024-07-16,4453.801,467.084,270.5234280684105,0.6300008383635145,80.0,1800,1082594.7000000002,4920.885,318937.36000000004,1084394.7000000002
2024-07-17,6636.545,371.472,255.77046864520457,-1.2558643527833666,80.0,1800,1541763.74,7008.017,501205.84,1543563.74
2024-07-18,4257.038,884.831,204.2610119047619,-14.208609993293093,80.0,1800,1131211.18,5141.869,269776.55999999994,1133011.18
2024-07-19,3799.221,2517.5950000000003,209.05566524144868,-10.399084087860496,80.0,1800,1389699.52,6316.816000000001,102530.07999999999,1391499.52
2024-07-20,3349.966,2409.0,199.47328554661303,-15.272296277665996,80.0,1800,1266972.52,5758.966,75277.28,1268772.52
2024-07-21,3106.696,808.862,166.23387826961772,-12.430443075117372,80.0,1800,861422.76,3915.558,183826.71999999997,863222.76
2024-07-22,910.928,2625.547,151.3836854460094,-2.4787914989939637,80.0,1800,778024.5,3536.475,0.0,779824.5
2024-07-23,1113.989,2707.215,158.81091968477534,-33.472776240778,80.0,1800,840664.8800000001,3821.204,0.0,842464.8800000001
2024-07-24,896.051,2255.91,180.1851441985245,-7.615031857813548,80.0,1800,693431.4199999999,3151.961,0.0,695231.4199999999
2024-07-25,171.329,6035.5869999999995,102.12173876592891,-24.96584716633132,80.0,1800,1365521.52,6206.915999999999,0.0,1367321.52
2024-07-26,599.773,5846.776,105.34137952716299,-28.145770456069755,80.0,1800,1418240.78,6446.549,0.0,1420040.78
2024-07-27,1785.381,5030.082,151.03480046948357,-9.488516515761233,80.0,1800,1499401.86,6815.463000000001,0.0,1501201.86
2024-07-28,2128.712,3777.738,130.81219399731725,-22.707371311200536,80.0,1800,1299419.0,5906.45,0.0,1301219.0
2024-07-29,367.488,5052.186,90.21864101274313,-21.40671948356808,80.0,1800,1192328.28,5419.674,0.0,1194128.28
2024-07-30,323.692,4893.418,111.64519827297117,-24.75576165325285,80.0,1800,1147764.2,5217.11,0.0,1149564.2
2024-07-31,560.8870000000001,4111.135,124.1424903588196,-11.787189805499665,80.0,1800,1027844.8400000001,4672.022,0.0,1029644.8400000001
2024-08-01,1790.293,3431.815,138.3002116867874,-22.010743628437293,80.0,1800,1148863.76,5222.108,0.0,1150663.76
2024-08-02,3010.765,1974.349,175.42589495305165,-0.7525108987256873,80.0,1800,1096725.0799999998,4985.114,82913.28,1098525.0799999998
2024-08-03,1998.114,1777.972,144.53823147216636,-7.974249664654596,80.0,1800,830738.9199999999,3776.0860000000002,17611.360000000004,832538.9199999999
2024-08-04,932.354,1443.98,134.74293678739102,-0.4230403252850436,80.0,1800,522793.48,2376.334,0.0,524593.48
2024-08-05,624.981,2132.041,144.0488158115359,-4.1233987256874585,80.0,1800,606544.8400000001,2757.022,0.0,608344.8400000001
2024-08-06,288.867,3665.514,127.83208207578808,-27.612307176391685,80.0,1800,869963.8200000001,3954.3810000000003,0.0,871763.8200000001
2024-08-07,545.179,3620.438,139.74259934607647,-16.540335764587525,80.0,1800,916435.74,4165.617,0.0,918235.74
2024-08-08,743.252,3292.885,145.96458542924213,-4.989164151576124,80.0,1800,887950.1400000001,4036.137,0.0,889750.1400000001
2024-08-09,1479.622,1176.887,178.2388644366197,-3.7280076291079816,80.0,1800,584431.98,2656.509,24218.80000000001,586231.98
2024-08-10,493.967,3090.086,115.37651534205231,-53.13908660295104,80.0,1800,788491.6599999999,3584.053,0.0,790291.6599999999
2024-08-11,1823.055,3234.1259999999997,123.02071596244133,-47.610303487592226,80.0,1800,1112579.82,5057.181,0.0,1114379.82
2024-08-12,1524.305,1802.13,154.63337315560028,-0.047390593561368315,80.0,1800,731815.7000000001,3326.4350000000004,0.0,733615.7000000001
2024-08-13,2862.169,1827.93,169.990595657277,-5.959066901408451,80.0,1800,1031821.78,4690.099,82739.11999999998,1033621.78
2024-08-14,1447.094,1278.94,183.05878814553992,-2.0465417505030183,80.0,1800,599727.48,2726.034,13452.32,601527.48
2024-08-15,1353.6970000000001,577.702,161.78462650905433,-0.434810949027498,80.0,1800,424907.78,1931.3990000000001,62079.600000000006,426707.78
2024-08-16,1809.937,741.784,174.44139419852448,1.4511527498323273,80.0,1800,561378.62,2551.721,85452.23999999999,563178.62
2024-08-17,1201.879,2178.163,122.78817907444669,-5.649670942320591,80.0,1800,743609.24,3380.042,0.0,745409.24
2024-08-18,575.909,628.791,118.5661070590208,2.520409959758551,80.0,1800,265034.0,1204.7,0.0,266834.0
2024-08-19,2315.295,1269.318,163.8887323943662,-2.2311955063715625,80.0,1800,788614.8600000001,3584.6130000000003,83678.16,790414.8600000001
2024-08-20,1081.439,919.4,181.41403001341382,-0.6740086351441986,80.0,1800,440184.58,2000.839,12963.120000000008,441984.58
2024-08-21,605.304,1794.1779999999999,147.5895896210597,-4.609236670020121,80.0,1800,527886.04,2399.482,0.0,529686.04
2024-08-22,515.818,2701.657,135.4580713447351,-12.614447099262241,80.0,1800,707844.5,3217.4750000000004,0.0,709644.5
2024-08-23,310.846,2124.345,106.61255239771965,-0.8916058853118715,80.0,1800,535742.02,2435.191,0.0,537542.02
2024-08-24,770.394,2820.105,149.50966842723005,-2.243552984574112,80.0,1800,789909.78,3590.499,0.0,791709.78
2024-08-25,435.173,3114.869,87.27361670020122,-32.79718100268277,80.0,1800,781009.24,3550.0420000000004,0.0,782809.24
2024-08-26,7183.499,739.523,224.4177795942321,-4.667372987927565,80.0,1800,1743064.84,7923.022,515518.07999999996,1744864.84
2024-08-27,4385.876,1337.216,217.42487214956407,-14.79167505030181,80.0,1800,1259080.24,5723.092000000001,243892.80000000002,1260880.24
2024-08-28,2173.287,3932.397,167.35909414822268,-7.8199216130114015,80.0,1800,1343250.48,6105.683999999999,0.0,1345050.48
2024-08-29,456.628,5116.213,115.03060236418513,-23.056428152246813,80.0,1800,1226025.0199999998,5572.840999999999,0.0,1227825.0199999998
2024-08-30,1681.325,3060.063,133.40164528839705,-4.640063296445339,80.0,1800,1043105.36,4741.388,0.0,1044905.36
2024-08-31,3519.212,1709.817,161.158473759222,-8.57434188464118,80.0,1800,1150386.38,5229.029,144751.6,1152186.38
2024-09-01,305.999,1123.638,133.860305583501,-10.860112759892688,80.0,1800,314520.14,1429.637,0.0,316320.14
2024-09-02,2699.596,2167.459,183.21511569416498,-8.758383635144199,80.0,1800,1070752.1,4867.055,42570.960000000014,1072552.1
2024-09-03,1865.395,2163.54,205.75381036217303,2.488812038900067,80.0,1800,886365.7,4028.935,0.0,888165.7
2024-09-04,475.053,4400.597,123.26913774312543,-5.491021126760562,80.0,1800,1072643.0,4875.65,0.0,1074443.0
2024-09-05,881.604,2766.529,120.4093309859155,-26.266408869885982,80.0,1800,802589.26,3648.133,0.0,804389.26
2024-09-06,1434.598,1124.407,220.8185299295775,-3.561181673373575,80.0,1800,562981.1,2559.005,24815.280000000002,564781.1
2024-09-07,857.076,2021.839,130.55814679745137,-16.204397216633133,80.0,1800,633361.2999999999,2878.915,0.0,635161.2999999999
2024-09-08,806.468,3866.0170000000003,116.13964411468812,-18.972809775318577,80.0,1800,1027946.7000000001,4672.485000000001,0.0,1029746.7000000001
2024-09-09,280.83299999999997,3397.33,119.44357813547954,-41.9264273138833,80.0,1800,809195.86,3678.163,0.0,810995.86
2024-09-10,1365.516,1241.652,192.37318075117375,0.48360370556673365,80.0,1800,573576.96,2607.168,9909.120000000003,575376.96
2024-09-11,1353.482,814.823,211.50150695841717,-5.469885982562039,80.0,1800,477027.1,2168.305,43092.72,478827.1
2024-09-12,1113.78,1983.7069999999999,160.0647845405768,-25.519282360831657,80.0,1800,681447.14,3097.487,0.0,683247.14
2024-09-13,669.585,440.46,161.96030139168343,-2.269053906773977,80.0,1800,244209.90000000002,1110.045,18330.000000000004,246009.90000000002
2024-09-14,1032.551,3264.008,155.82494760228036,-24.438824614352782,80.0,1800,945242.98,4296.558999999999,0.0,947042.98
2024-09-15,237.223,3563.348,112.91523516096579,-41.620401576123406,80.0,1800,836125.62,3800.571,0.0,837925.62
2024-09-16,439.989,4153.673,118.2153106136821,-67.2546277665996,80.0,1800,1010605.6399999999,4593.661999999999,0.0,1012405.6399999999
2024-09-17,1542.914,3020.168,177.05717219986585,-23.285703806170357,80.0,1800,1003878.04,4563.082,0.0,1005678.04
2024-09-18,2342.125,564.33,211.2734657947686,-15.059310026827632,80.0,1800,639420.1,2906.455,142223.6,641220.1
2024-09-19,1562.3029999999999,1233.174,157.14333291415159,-34.18609783702213,80.0,1800,615004.94,2795.477,26330.319999999992,616804.94
2024-09-20,1092.9279999999999,5277.854,149.86129485244803,-46.97799505365526,80.0,1800,1401572.04,6370.782,0.0,1403372.04
2024-09-21,1991.147,2974.041,238.04406438631793,-75.05395707578806,80.0,1800,1092341.3599999999,4965.188,0.0,1094141.3599999999
2024-09-22,1050.205,2245.247,150.02978495975856,-106.53980549966467,80.0,1800,724999.44,3295.4519999999998,0.0,726799.44
2024-09-23,795.442,3745.106,160.59135228034876,-50.191947518444,80.0,1800,998920.56,4540.548000000001,0.0,1000720.56
2024-09-24,891.979,2684.784,166.09891641515762,-8.131208081824278,80.0,1800,786887.86,3576.763,0.0,788687.86
2024-09-25,589.151,2081.794,149.2699237089202,-19.300421277665997,80.0,1800,587607.9,2670.9449999999997,0.0,589407.9
2024-09-26,573.815,708.951,149.6050804828974,-8.131426056338029,80.0,1800,282208.52,1282.766,0.0,284008.52
2024-09-27,974.281,1591.001,148.84662558685446,-18.81757209926224,80.0,1800,564362.0399999999,2565.282,0.0,566162.0399999999
2024-09-28,181.258,1933.177,85.64573272971161,-49.66169097920858,80.0,1800,465175.7,2114.435,0.0,466975.7
2024-09-29,1289.478,1202.464,108.17170732729711,-22.17860077129443,80.0,1800,548227.24,2491.942,6961.12000000001,550027.24
2024-09-30,953.552,1075.356,120.67624706572771,-33.060439721663315,80.0,1800,446359.76,2028.908,0.0,448159.76
2024-10-01,515.531,3178.154,118.16819877598927,-51.57590962441315,80.0,1800,812610.7,3693.685,0.0,814410.7
2024-10-02,798.841,3512.44,130.8450746143528,-117.15841716968477,80.0,1800,948481.8200000001,4311.281,0.0,950281.8200000001
2024-10-03,943.027,1331.311,168.06095950704227,-20.914348591549295,80.0,1800,500354.36,2274.3379999999997,0.0,502154.36
2024-10-04,6097.82,137.918,214.0810131623072,2.907855466130114,80.0,1800,1371862.3599999999,6235.737999999999,476792.16000000003,1373662.3599999999
2024-10-05,-211312.297,342.793,172.00648264587525,-21.397470238095238,80.0,1800,-46413290.879999995,-210969.504,0.0,-46411490.879999995
2024-10-06,867.256,848.808,160.55570506371564,-8.95262617370892,80.0,1800,377534.08,1716.0639999999999,1475.8399999999983,379334.08
2024-10-07,643.614,2378.564,123.8703743293092,-69.86827003688799,80.0,1800,664879.1599999999,3022.178,0.0,666679.1599999999
2024-10-08,651.874,3642.221,108.7390195338699,-97.67521378269618,80.0,1800,944700.9,4294.095,0.0,946500.9
2024-10-09,777.569,1056.916,139.93099639503689,-32.76084004024145,80.0,1800,403586.69999999995,1834.485,0.0,405386.69999999995
2024-10-10,608.983,1919.708,102.15590207914153,-38.164405181086515,80.0,1800,556312.02,2528.691,0.0,558112.02
2024-10-11,1969.671,368.934,191.06707956069752,-5.596311200536554,80.0,1800,514493.1,2338.605,128058.96,516293.1
2024-10-12,3034.571,303.699,166.38570171026157,-7.729711602951039,80.0,1800,734419.4,3338.27,218469.75999999998,736219.4
2024-10-13,418.441,2035.155,105.5055897887324,-68.36747987927565,80.0,1800,539791.12,2453.596,0.0,541591.12
2024-10-14,808.584,3803.372,145.38307763246144,-48.30230549966466,80.0,1800,1014630.32,4611.956,0.0,1016430.32
2024-10-15,3144.132,610.809,206.77476316230718,-45.710345405767946,80.0,1800,826087.02,3754.941,202665.84000000003,827887.02
2024-10-16,3258.424,1027.154,147.43972166331324,-20.985777162977868,80.0,1800,942827.16,4285.5779999999995,178501.6,944627.16
2024-10-17,1494.9279999999999,2134.205,149.37441314553993,-56.08833207578806,80.0,1800,798409.26,3629.133,0.0,800209.26
2024-10-18,3758.662,1789.015,205.47284330985917,-20.564147384305837,80.0,1800,1220488.94,5547.677,157571.75999999998,1222288.94
2024-10-19,5118.884,287.622,198.27159414822268,-4.118496395036889,80.0,1800,1189431.32,5406.506,386500.95999999996,1191231.32
2024-10-20,1738.007,1378.103,202.65561074782025,-15.416949614352783,80.0,1800,685544.2000000001,3116.11,28792.32,687344.2000000001
2024-10-21,2830.274,1812.423,222.03699698189135,-32.94469944668008,80.0,1800,1021393.3400000001,4642.697,81428.07999999999,1023193.3400000001
2024-10-22,2599.552,2337.555,175.518691314554,-41.111996981891345,80.0,1800,1086163.54,4937.107,20959.760000000024,1087963.54
2024-10-23,315.25,4062.391,78.04178403755868,-43.23915576794098,80.0,1800,963081.02,4377.641,0.0,964881.02
2024-10-24,2428.768,1371.265,195.96941859490275,-17.373803236083166,80.0,1800,836007.26,3800.0330000000004,84600.23999999999,837807.26
2024-10-25,2989.723,833.625,230.5786971830986,2.3007775821596246,80.0,1800,841136.5599999999,3823.348,172487.84,842936.5599999999
2024-10-26,2051.674,1502.4,186.47511317907447,-2.4764210261569426,80.0,1800,781896.28,3554.074,43941.91999999999,783696.28
2024-10-27,640.088,1758.402,162.24423138832998,1.9761307847082494,80.0,1800,527667.8,2398.49,0.0,529467.8
2024-10-28,1363.554,1856.549,164.7172619047619,-12.452114771965123,80.0,1800,708422.6599999999,3220.103,0.0,710222.6599999999
2024-10-29,376.68600000000004,1426.731,133.41165325285044,-25.602871395036885,80.0,1800,396751.74,1803.417,0.0,398551.74
2024-10-30,296.628,1362.181,96.56137868879948,-11.902565392354125,80.0,1800,364937.98,1658.809,0.0,366737.98
2024-10-31,452.235,1122.723,152.48271504024146,-20.28989352783367,80.0,1800,346490.76,1574.958,0.0,348290.76
2024-11-01,47.35,3610.225,88.46818620053655,-45.3713635982562,80.0,1800,804666.5,3657.575,0.0,806466.5
2024-11-02,1358.826,219.614,207.60544307511736,-6.759039654594232,80.0,1800,347256.80000000005,1578.44,91136.95999999999,349056.80000000005
2024-11-03,2547.205,367.491,190.73575829979882,2.442006203890007,80.0,1800,641233.12,2914.696,174377.12,643033.12
2024-11-04,1944.672,174.754,259.6691188799463,-3.6754422367538564,80.0,1800,466273.72000000003,2119.426,141593.44,468073.72000000003
2024-11-05,2300.776,574.6370000000001,253.5767752347418,-3.7701773138832997,80.0,1800,632590.86,2875.413,138091.11999999997,634390.86
2024-11-06,2162.975,660.032,329.2506182930919,3.2305143360160966,80.0,1800,621061.54,2823.007,120235.43999999997,622861.54
2024-11-07,1196.5240000000001,111.488,230.42687583836354,7.392194835680751,80.0,1800,287762.64,1308.0120000000002,86802.88,289562.64
2024-11-08,1380.625,1863.082,203.9268485915493,-10.935783450704227,80.0,1800,713615.54,3243.7070000000003,0.0,715415.54
2024-11-09,4295.732,99.814,271.57367328973845,3.479279845741113,80.0,1800,967020.12,4395.546,335673.43999999994,968820.12
2024-11-10,2383.591,124.80799999999999,236.15451877934274,5.948377766599598,80.0,1800,551847.78,2508.399,180702.63999999998,553647.78
2024-11-11,5630.114,181.73,319.82494341046277,4.474955985915494,80.0,1800,1278605.68,5811.843999999999,435870.72,1280405.68
2024-11-12,9493.151,137.537,324.0263309020791,3.865979208584843,80.0,1800,2118751.36,9630.688,748449.12,2120551.36
2024-11-13,7602.673,203.918,367.09002766599593,0.7678760060362175,80.0,1800,1717450.02,7806.590999999999,591900.4,1719250.02
2024-11-14,4645.062,408.925,361.4341276827633,-21.47620514755198,80.0,1800,1111877.1400000001,5053.987,338890.95999999996,1113677.1400000001
2024-11-15,1910.205,204.091,222.2925217974514,7.687560781354796,80.0,1800,465145.12,2114.296,136489.12,466945.12
2024-11-16,798.305,661.601,177.9271671696848,-2.5275863514419856,80.0,1800,321179.31999999995,1459.906,10936.319999999996,322979.31999999995
2024-11-17,978.383,666.381,192.89895623742453,0.6160714285714287,80.0,1800,361848.08,1644.7640000000001,24960.160000000003,363648.08
2024-11-18,4852.302,441.915,310.3080461938296,-6.501536301140175,80.0,1800,1164727.74,5294.217,352830.95999999996,1166527.74
2024-11-19,3021.6749999999997,598.226,231.54168133802818,-0.8325704225352104,80.0,1800,796378.2199999999,3619.901,193875.91999999998,798178.2199999999
2024-11-20,1341.195,697.229,145.55711561032865,-4.5923415492957735,80.0,1800,448453.27999999997,2038.424,51517.27999999999,450253.27999999997
2024-11-21,2231.281,441.807,188.27496646545944,-16.46977909121395,80.0,1800,588079.36,2673.0879999999997,143157.91999999998,589879.36
2024-11-22,6368.642,543.375,220.29431379946345,-3.6077150402414495,80.0,1800,1520643.74,6912.017,466021.36,1522443.74
2024-11-23,5173.707,469.52,204.43232520120725,2.1267689470154267,80.0,1800,1241509.94,5643.227000000001,376334.95999999996,1243309.94
2024-11-24,1593.319,1115.193,136.642878101945,-5.09360119047619,80.0,1800,595872.64,2708.5119999999997,38250.08,597672.64
2024-11-25,-116221.702,540.498,152.39482939302482,-0.868299379610999,80.0,1800,-25449864.880000003,-115681.204,0.0,-25448064.880000003
2024-11-26,2005.331,573.846,184.466320841717,-8.659345657276996,80.0,1800,567418.94,2579.1769999999997,114518.79999999999,569218.94
2024-11-27,3479.503,440.623,238.35272887323944,0.009102531857813567,80.0,1800,862427.72,3920.126,243110.40000000002,864227.72
2024-11-28,1706.355,335.701,171.017878101945,7.10387323943662,80.0,1800,449252.31999999995,2042.056,109652.32,451052.31999999995
2024-11-29,2255.896,237.04399999999998,197.24081572769956,0.9104019953051639,80.0,1800,548446.8,2492.94,161508.16000000003,550246.8
2024-11-30,2482.692,334.222,170.90752221663317,5.012598507712945,80.0,1800,619721.08,2816.9139999999998,171877.60000000003,621521.08
2024-12-01,567.529,503.075,120.04473717303824,5.59002557008719,80.0,1800,235532.88,1070.604,5156.320000000001,237332.88
2024-12-02,1890.372,725.546,170.30039612676057,-30.78031103286385,80.0,1800,575501.9600000001,2615.918,93186.08,577301.9600000001
2024-12-03,2313.958,820.972,169.9693703890007,-23.95478705566734,80.0,1800,689684.6,3134.9300000000003,119438.88,691484.6
2024-12-04,1581.564,604.807,131.93190811535882,-16.463302733065056,80.0,1800,481001.62,2186.371,78140.56,482801.62
2024-12-05,518.483,276.935,132.31361711938297,-5.353407947686116,80.0,1800,174991.96,795.4179999999999,19323.839999999997,176791.96
2024-12-06,1973.756,455.78499999999997,166.66217513413815,-9.139486921529175,80.0,1800,534499.02,2429.541,121437.68,536299.02
2024-12-07,1085.296,1322.667,170.23861502347418,-3.0731786552649223,80.0,1800,529751.86,2407.9629999999997,0.0,531551.86
2024-12-08,3029.991,160.39,240.56632293762576,5.556887156270959,80.0,1800,701883.8200000001,3190.381,229568.08000000002,703683.8200000001
2024-12-09,1825.833,597.13,159.757964453387,-24.11278085177733,80.0,1800,533051.86,2422.963,98296.23999999999,534851.86
2024-12-10,354.899,1086.01,97.74612047283703,-13.127754024144869,80.0,1800,316999.98,1440.909,0.0,318799.98
2024-12-11,2680.824,587.511,280.31947937625756,-6.440547451374916,80.0,1800,719033.7000000001,3268.335,167465.04,720833.7000000001
2024-12-12,2760.607,846.422,293.8788229376258,-20.04227448021462,80.0,1800,793546.38,3607.029,153134.8,795346.38
2024-12-13,3532.971,305.448,271.6924190979209,-2.7726609657947687,80.0,1800,844452.1799999999,3838.419,258201.84000000003,846252.1799999999
2024-12-14,458.182,1409.18,110.30221956740444,1.6054870892018789,80.0,1800,410819.64,1867.362,0.0,412619.64
2024-12-15,1093.847,1445.239,166.6074216130114,-27.108023138833,80.0,1800,558598.92,2539.0860000000002,0.0,560398.92
2024-12-16,1814.394,977.711,156.43832369215292,-14.433999832327295,80.0,1800,614263.1,2792.105,66934.64,616063.1
2024-12-17,1314.427,1981.044,173.45368041582833,-15.613149731723674,80.0,1800,725003.62,3295.471,0.0,726803.62
2024-12-18,824.463,1921.282,111.87352448021464,-30.52388497652582,80.0,1800,604063.8999999999,2745.745,0.0,605863.8999999999
2024-12-19,640.612,1138.338,122.69142982897385,-0.6911929912810191,80.0,1800,391369.0,1778.9499999999998,0.0,393169.0
2024-12-20,1132.518,345.701,154.14073608316568,10.895233903420525,80.0,1800,325208.18000000005,1478.219,62945.36,327008.18000000005
2024-12-21,1784.315,1182.414,149.13675385647215,-28.464180918846413,80.0,1800,652680.38,2966.7290000000003,48152.08,654480.38
2024-12-22,2204.383,123.363,208.46583668678738,12.606543427230049,80.0,1800,512104.11999999994,2327.7459999999996,166481.6,513904.11999999994
2024-12-23,5958.14,325.288,239.22951668343396,10.542622401073105,80.0,1800,1382354.1600000001,6283.428,450628.16000000003,1384154.1600000001
2024-12-24,2849.976,927.136,139.94147174714956,-13.775435949027496,80.0,1800,830964.6399999999,3777.112,153827.2,832764.6399999999
2024-12-25,711.039,306.173,100.03131706908117,14.918089788732395,80.0,1800,223786.63999999998,1017.212,32389.28,225586.63999999998
2024-12-26,1202.508,157.429,146.10886988598256,13.08227489939638,80.0,1800,299186.14,1359.9370000000001,83606.31999999999,300986.14
2024-12-27,4976.434,107.697,206.3172933433937,18.402628269617708,80.0,1800,1118508.82,5084.131,389498.96,1120308.82
2024-12-28,5060.964,356.812,269.8294035043595,0.07845196177062434,80.0,1800,1191910.72,5417.776,376332.16000000003,1193710.72
2024-12-29,3951.811,10.764,222.04026240778,11.823017270288398,80.0,1800,871766.5,3962.5750000000003,315283.76,873566.5
2024-12-30,3806.243,103.232,228.93547116029512,7.774526324614353,80.0,1800,860084.5,3909.475,296240.88,861884.5
2024-12-31,2168.926,555.032,192.8420984238766,7.843550888665326,80.0,1800,599270.76,2723.958,129111.51999999999,601070.76
2025-01-01,442.206,1829.168,106.87460596914822,5.214365358819584,80.0,1800,499702.27999999997,2271.374,0.0,501502.27999999997
2025-01-02,1211.585,794.494,114.46288145539906,4.735605298457411,80.0,1800,441337.38,2006.0790000000002,33367.28,443137.38
2025-01-03,1506.142,1603.571,131.48713531187124,-9.800278755868545,80.0,1800,684136.86,3109.7129999999997,0.0,685936.86
2025-01-04,1526.811,631.764,162.8057553655265,4.338135060362174,80.0,1800,474886.5,2158.575,71603.76,476686.5
2025-01-05,745.734,2078.983,108.51615945674045,-25.303164822266936,80.0,1800,621437.74,2824.717,0.0,623237.74
2025-01-06,521.347,2209.864,89.85659163313214,-8.74478957075788,80.0,1800,600866.42,2731.2110000000002,0.0,602666.42
2025-01-07,75.895,1105.429,52.81255239771966,6.409666331321262,80.0,1800,259891.28,1181.324,0.0,261691.28
2025-01-08,195.006,5233.68,64.18157486586183,-47.47205734406439,80.0,1800,1194310.9200000002,5428.686000000001,0.0,1196110.9200000002
2025-01-09,381.311,2745.385,96.68598884976525,11.734882209926225,80.0,1800,687873.1200000001,3126.6960000000004,0.0,689673.1200000001
2025-01-10,428.55,1385.762,106.78587567069081,10.481715291750504,80.0,1800,399148.64,1814.312,0.0,400948.64
2025-01-11,327.448,1886.665,84.64713698859826,-1.678296864520455,80.0,1800,487104.86,2214.113,0.0,488904.86
2025-01-12,173.48499999999999,1246.127,75.5863430583501,13.219911133467471,80.0,1800,312314.64,1419.6119999999999,0.0,314114.64
2025-01-13,2462.884,732.97,175.41965962441316,8.351693494299129,80.0,1800,703087.88,3195.8540000000003,138393.12,704887.88
2025-01-14,3679.189,1340.589,207.91506539235414,2.0676140174379616,80.0,1800,1104351.16,5019.778,187088.0,1106151.16
2025-01-15,1088.47,678.322,144.92092136150237,20.606185026827635,80.0,1800,388694.24,1766.792,32811.840000000004,390494.24
2025-01-16,380.343,959.155,130.76127179745137,7.857771629778672,80.0,1800,294689.56,1339.498,0.0,296489.56
2025-01-17,620.607,1942.162,119.14862508383635,0.36129485244802223,80.0,1800,563809.1799999999,2562.7690000000002,0.0,565609.1799999999
2025-01-18,333.486,1380.941,108.44259934607646,19.517517605633802,80.0,1800,377173.94,1714.4270000000001,0.0,378973.94
2025-01-19,1426.094,755.049,161.96017773306505,12.449327213279679,80.0,1800,479851.45999999996,2181.143,53683.600000000006,481651.45999999996
2025-01-20,1022.62,333.173,212.7177942655936,23.418615861837694,80.0,1800,298274.45999999996,1355.7930000000001,55155.76,300074.45999999996
2025-01-21,1311.8700000000001,889.355,184.28604963112005,16.369179661301143,80.0,1800,484269.5,2201.2250000000004,33801.20000000001,486069.5
2025-01-22,891.136,696.092,157.81157360831656,-0.0788292253521114,80.0,1800,349190.16,1587.228,15603.519999999999,350990.16
2025-01-23,170.431,2287.597,89.11228621730383,-61.860156773977195,80.0,1800,540766.16,2458.0280000000002,0.0,542566.16
2025-01-24,1278.937,317.777,185.68119550637155,14.861609238765931,80.0,1800,351277.07999999996,1596.714,76892.79999999999,353077.07999999996
2025-01-25,387.912,1960.512,96.6808915995976,-19.345038983903418,80.0,1800,516653.28,2348.424,0.0,518453.28
2025-01-26,191.211,1038.385,99.00939386317908,16.46245808182428,80.0,1800,270511.12,1229.596,0.0,272311.12
2025-01-27,508.757,2809.886,109.0342094232059,-13.49091633132126,80.0,1800,730101.4600000001,3318.643,0.0,731901.4600000001
2025-01-28,253.331,2301.756,92.29798792756539,-14.775389839034204,80.0,1800,562119.1399999999,2555.087,0.0,563919.1399999999
2025-01-29,364.94,2578.874,117.84018485915493,-1.1461665828303158,80.0,1800,647639.08,2943.814,0.0,649439.08
2025-01-30,89.082,3218.543,67.94563631790744,-46.40873574782026,80.0,1800,727677.5000000001,3307.625,0.0,729477.5000000001
2025-01-31,800.376,1304.205,123.67059230382294,-1.9175385647216636,80.0,1800,463007.81999999995,2104.581,0.0,464807.81999999995
2025-02-01,1171.379,450.42199999999997,206.91506539235414,-6.614189302481556,80.0,1800,356796.22,1621.801,57676.55999999999,358596.22
2025-02-02,1570.216,482.896,210.6813736586184,21.72625964118042,80.0,1800,451684.63999999996,2053.112,86985.59999999999,453484.63999999996
2025-02-03,1877.604,509.158,191.5870053655265,7.863661133467473,80.0,1800,525087.64,2386.762,109475.68,526887.64
2025-02-04,1547.263,555.958,193.54495724346077,24.03003018108652,80.0,1800,462708.62,2103.221,79304.4,464508.62
2025-02-05,3169.77,1276.827,231.9849471830986,10.515828303152247,80.0,1800,978251.3400000001,4446.597,151435.44,980051.3400000001
2025-02-06,376.39799999999997,1641.11,125.05756203890007,1.9457872233400415,80.0,1800,443851.75999999995,2017.5079999999998,0.0,445651.75999999995
2025-02-07,382.271,1816.044,140.32132796780684,-4.926215627095908,80.0,1800,483629.3,2198.315,0.0,485429.3
2025-02-08,2441.436,279.802,206.4714432427901,25.116021126760568,80.0,1800,598672.3600000001,2721.2380000000003,172930.72,600472.3600000001
2025-02-09,1285.283,1707.208,192.05269743460767,4.196170774647888,80.0,1800,658348.02,2992.491,0.0,660148.02
2025-02-10,2255.914,1627.492,190.18578554661303,-0.7719923708920168,80.0,1800,854349.3200000001,3883.406,50273.760000000024,856149.3200000001
2025-02-11,1562.35,1693.718,181.83999413145543,16.644234154929578,80.0,1800,716334.96,3256.068,0.0,718134.96
2025-02-12,1830.92,965.72,296.4846055499665,29.24586686787391,80.0,1800,615260.8,2796.6400000000003,69216.0,617060.8
2025-02-13,1165.796,1575.081,204.7525842555332,-0.594104208584843,80.0,1800,602992.9400000001,2740.877,0.0,604792.9400000001
2025-02-14,585.817,1582.21,174.87561200536553,8.404631958417172,80.0,1800,476965.94,2168.027,0.0,478765.94
2025-02-15,3392.728,481.732,220.81149815560028,35.77918762575453,80.0,1800,852381.2000000001,3874.46,232879.68,854181.2000000001
2025-02-16,1976.885,26.89,214.9855025989269,36.26362131120054,80.0,1800,440830.5,2003.775,155999.59999999998,442630.5
2025-02-17,1565.569,175.024,223.39814092890677,38.32159414822267,80.0,1800,382930.45999999996,1740.5929999999998,111243.6,384730.45999999996
2025-02-18,3352.011,177.302,259.9741637323944,39.28197308853119,80.0,1800,776448.86,3529.313,253976.71999999997,778248.86
2025-02-19,1916.031,592.54,196.7722354963112,10.97970112340711,80.0,1800,551885.62,2508.571,105879.28,553685.62
2025-02-20,1317.615,816.02,201.45864981556005,6.046378269617708,80.0,1800,469399.69999999995,2133.635,40127.600000000006,471199.69999999995
2025-02-21,3293.275,1109.567,225.67420984238765,10.047950201207247,80.0,1800,968625.24,4402.842000000001,174696.64,970425.24
2025-02-22,4562.755,819.971,279.6341339704896,19.02234238765929,80.0,1800,1184199.72,5382.726000000001,299422.72000000003,1185999.72
2025-02-23,3556.417,99.06400000000001,268.85453345070425,26.60806715291751,80.0,1800,804205.82,3655.4809999999998,276588.24,806005.82
2025-02-24,1314.813,1574.264,217.88031103286383,2.6785274144869224,80.0,1800,635596.94,2889.077,0.0,637396.94
2025-02-25,985.753,894.11,186.92435865191146,30.166142689470153,80.0,1800,413569.86,1879.863,7331.440000000002,415369.86
2025-02-26,637.898,1330.562,185.12066356472167,-15.505151743796107,80.0,1800,433061.19999999995,1968.46,0.0,434861.19999999995
2025-02-27,1382.3799999999999,980.01,184.04471830985915,16.051397971160295,80.0,1800,519725.8,2362.39,32189.59999999999,521525.8
2025-02-28,1193.948,722.899,172.25328638497652,19.779864604292424,80.0,1800,421706.33999999997,1916.8470000000002,37683.920000000006,423506.33999999997
2025-03-01,2179.473,154.184,211.80621646545944,42.41932847082495,80.0,1800,513404.54,2333.657,162023.12,515204.54
2025-03-02,1219.52,360.935,190.2010542421194,32.74367035546613,80.0,1800,347700.10000000003,1580.455,68686.8,349500.10000000003
2025-03-03,2760.228,661.042,225.33839495305165,-2.5635961602951043,80.0,1800,752679.4,3421.27,167934.88,754479.4
2025-03-04,3084.873,1256.799,234.85354418175723,-21.944032947686114,80.0,1800,955167.8400000001,4341.6720000000005,146245.92,956967.8400000001
2025-03-05,1933.867,1669.429,214.06581153588195,-27.786229879275652,80.0,1800,792725.12,3603.2960000000003,21155.03999999999,794525.12
2025-03-06,399.184,1297.0819999999999,149.30115274983234,-15.286464621059693,80.0,1800,373178.52,1696.2659999999998,0.0,374978.52
2025-03-07,706.071,868.693,188.93023558014758,10.191775653923543,80.0,1800,346448.07999999996,1574.7640000000001,0.0,348248.07999999996
2025-03-08,423.148,561.755,150.64505155935615,15.120938128772638,80.0,1800,216678.66000000003,984.903,0.0,218478.66000000003
2025-03-09,582.447,1145.604,147.01177062374248,7.915970824949699,80.0,1800,380171.22,1728.051,0.0,381971.22
2025-03-10,1096.53,512.52,173.81423331656606,33.616790325285045,80.0,1800,353991.0,1609.05,46720.8,355791.0
2025-03-11,1900.375,697.095,201.26797032193159,22.169607226693497,80.0,1800,571443.4,2597.4700000000003,96262.4,573243.4
2025-03-12,658.927,1908.917,165.83167546948357,11.936332578806173,80.0,1800,564925.6799999999,2567.844,0.0,566725.6799999999
2025-03-13,2149.26,2715.1349999999998,175.2479250503018,-43.16762030516432,80.0,1800,1070166.9,4864.395,0.0,1071966.9
2025-03-14,1194.5140000000001,1547.194,165.20695003353455,-8.215721411804155,80.0,1800,603175.76,2741.708,0.0,604975.76
2025-03-15,3516.052,534.865,231.4897971160295,21.66709632796781,80.0,1800,891201.7400000001,4050.9170000000004,238494.96,893001.7400000001
2025-03-16,772.154,814.737,135.358473759222,-6.525878185781352,80.0,1800,349116.02,1586.891,0.0,350916.02
2025-03-17,2806.136,590.472,183.81572979543932,-5.114078219315893,80.0,1800,747253.76,3396.608,177253.12,749053.76
2025-03-18,817.414,815.505,156.60121143527834,-30.765662726358148,80.0,1800,359242.18,1632.9189999999999,152.71999999999935,361042.18
2025-03-19,522.16,871.456,142.56014839034205,-8.888292253521126,80.0,1800,306595.52,1393.616,0.0,308395.52
2025-03-20,442.561,2911.713,138.19689386317907,-4.214899815560026,80.0,1800,737940.28,3354.2740000000003,0.0,739740.28
2025-03-21,161.913,2886.706,104.83053529510396,-11.608941146881287,80.0,1800,670696.18,3048.619,0.0,672496.18
2025-03-22,392.257,763.752,109.26070799798794,3.7383718980549983,80.0,1800,254321.98,1156.009,0.0,256121.98
2025-03-23,1386.689,139.519,163.58160211267605,31.323608316566066,80.0,1800,335765.76,1526.208,99773.6,337565.76
2025-03-24,740.191,832.994,169.1386150234742,10.11201794097921,80.0,1800,346100.7,1573.185,0.0,347900.7
2025-03-25,85.43599999999999,2907.103,77.11072895707579,-66.50456698524481,80.0,1800,658358.5800000001,2992.539,0.0,660158.5800000001
2025-03-26,343.522,3018.732,88.62467932595574,-35.33307972837022,80.0,1800,739695.88,3362.254,0.0,741495.88
2025-03-27,661.932,1886.759,141.4486062206573,-19.658742035546613,80.0,1800,560712.02,2548.691,0.0,562512.02
2025-03-28,1558.356,1443.563,163.36542588866533,10.39716213950369,80.0,1800,660422.18,3001.919,9183.439999999991,662222.18
2025-03-29,3118.575,151.321,178.80800217974513,47.137233819584175,80.0,1800,719377.12,3269.8959999999997,237380.32,721177.12
2025-03-30,1270.846,405.413,152.37820181961334,-8.096321406701076,80.0,1800,368776.98,1676.259,69234.64,370576.98
2025-03-31,418.483,1987.335,112.0456593729041,-54.65491071428571,80.0,1800,529279.96,2405.818,0.0,531079.96
2025-04-01,1638.698,799.39,202.9381182930919,-21.682467723004695,80.0,1800,536379.36,2438.088,67144.64000000001,538179.36
2025-04-02,1310.929,532.343,224.48411510731054,-9.94196638162307,80.0,1800,405519.83999999997,1843.272,62286.88000000001,407319.83999999997
2025-04-03,1443.15,78.821,245.88076165325288,18.687428739101275,80.0,1800,334833.62,1521.971,109146.32,336633.62
2025-04-04,505.88599999999997,1054.682,143.81788648558015,-9.388990191146881,80.0,1800,343324.96,1560.568,0.0,345124.96
2025-04-05,682.933,2368.704,109.65916121730383,-89.88644366197184,80.0,1800,671360.1400000001,3051.637,0.0,673160.1400000001
2025-04-06,755.578,1199.77,122.56095531522469,5.68154761904762,80.0,1800,430176.56000000006,1955.348,0.0,431976.56000000006
2025-04-07,2374.055,994.311,187.4347334004024,-14.588118293091881,80.0,1800,741040.52,3368.366,110379.51999999997,742840.52
2025-04-08,1266.103,2720.534,151.36886317907445,-43.98790241448692,80.0,1800,877060.14,3986.637,0.0,878860.14
2025-04-09,864.672,1120.346,161.19054745137493,-50.81602112676057,80.0,1800,436703.95999999996,1985.018,0.0,438503.95999999996
2025-04-10,2558.891,781.379,187.9428822937626,-17.366670858484238,80.0,1800,734859.4,3340.27,142200.96000000002,736659.4
2025-04-11,2346.2400000000002,600.482,234.2770560865191,-30.45801475519785,80.0,1800,648278.8400000001,2946.722,139660.64,650078.8400000001
2025-04-12,2238.814,781.16,199.3272426224011,2.433897132796782,80.0,1800,664394.2799999999,3019.9739999999997,116612.32,666194.2799999999
2025-04-13,847.042,2393.293,137.70029552313883,-42.53311955063716,80.0,1800,712873.7000000001,3240.335,0.0,714673.7000000001
2025-04-14,1297.981,458.264,182.8077066566063,15.481182930918848,80.0,1800,386373.9,1756.245,67177.36,388173.9
2025-04-15,361.861,1055.044,131.52395623742456,4.282924631120053,80.0,1800,311719.10000000003,1416.9050000000002,0.0,313519.10000000003
2025-04-16,236.338,2660.093,102.06246856136822,-61.753294768611674,80.0,1800,637214.82,2896.431,0.0,639014.82
2025-04-17,892.305,1773.803,162.33826081488934,-22.587485328638497,80.0,1800,586543.76,2666.108,0.0,588343.76
2025-04-18,1304.974,809.936,161.08612089201878,19.881338028169015,80.0,1800,465280.19999999995,2114.91,39603.03999999999,467080.19999999995
2025-04-19,2858.376,103.988,226.56305122401076,18.830365526492287,80.0,1800,651720.0800000001,2962.364,220351.04000000004,653520.0800000001
2025-04-20,757.511,3998.704,121.2348717303823,-51.735399899396384,80.0,1800,1046367.3,4756.215,0.0,1048167.3
2025-04-21,154.547,3376.738,70.15739646210598,-67.34029175050303,80.0,1800,776882.7,3531.285,0.0,778682.7
2025-04-22,260.614,5950.483,106.0619885982562,-44.22737676056338,80.0,1800,1366441.34,6211.097,0.0,1368241.34
2025-04-23,123.932,4105.178,89.80309775318578,-51.775192823608315,80.0,1800,930404.2,4229.11,0.0,932204.2
2025-04-24,274.665,1126.882,102.53669097920859,-13.079766096579476,80.0,1800,308340.34,1401.547,0.0,310140.34
2025-04-25,700.869,2557.6730000000002,137.40973130449365,-35.113644366197185,80.0,1800,716879.24,3258.5420000000004,0.0,718679.24
2025-04-26,2404.034,2495.458,153.28632419517103,3.521460010060363,80.0,1800,1077888.24,4899.492,0.0,1079688.24
2025-04-27,1982.617,386.2,124.82174505365526,21.384045942320594,80.0,1800,521139.74,2368.817,127713.35999999999,522939.74
2025-04-28,457.421,2412.77,130.0974597585513,-29.15369718309859,80.0,1800,631442.02,2870.191,0.0,633242.02
2025-04-29,219.85,1745.322,106.8049882629108,-42.879420271629776,80.0,1800,432337.83999999997,1965.1719999999998,0.0,434137.83999999997
2025-04-30,250.767,3001.435,120.39893108651911,-43.19981556002683,80.0,1800,715484.44,3252.2019999999998,0.0,717284.44
2025-05-01,4410.312,324.22499999999997,259.33774522132796,-9.97940350435949,80.0,1800,1041598.14,4734.537,326886.96,1043398.14
2025-05-02,583.474,1574.443,123.42056086519115,-15.921875,80.0,1800,474741.74000000005,2157.917,0.0,476541.74000000005
2025-05-03,127.713,1506.617,89.02319332662643,-32.22262114352784,80.0,1800,359552.6,1634.33,0.0,361352.6
2025-05-04,808.888,904.547,102.30028504359491,-28.960640928906773,80.0,1800,376955.7,1713.435,0.0,378755.7
2025-05-05,829.044,1016.232,132.71264252179745,-13.864252179745137,80.0,1800,405960.72,1845.2759999999998,0.0,407760.72
2025-05-06,1005.005,1124.594,180.72484699865865,0.3631434439973186,80.0,1800,468511.78,2129.599,0.0,470311.78
2025-05-07,415.984,3012.399,137.62523474178406,-2.815767521797451,80.0,1800,754244.26,3428.383,0.0,756044.26
2025-05-08,568.411,919.557,154.64309817236753,51.27268821260899,80.0,1800,327352.95999999996,1487.9679999999998,0.0,329152.95999999996
2025-05-09,729.678,1833.0720000000001,160.5506769785379,13.410049882629108,80.0,1800,563805.0,2562.75,0.0,565605.0
2025-05-10,1542.356,1107.114,184.01198440643864,-19.477162977867202,80.0,1800,582883.4,2649.4700000000003,34819.36,584683.4
2025-05-11,390.749,1325.338,123.05649941314554,-3.3309670523138823,80.0,1800,377539.14,1716.087,0.0,379339.14
2025-05-12,1075.097,512.895,237.03229585848422,11.944636569416497,80.0,1800,349358.24,1587.992,44976.16,351158.24
2025-05-13,507.017,1922.712,124.55362382629109,-14.04891222334004,80.0,1800,534540.38,2429.729,0.0,536340.38
2025-05-14,827.844,1948.066,134.03645414151575,-35.72153127095908,80.0,1800,610700.2000000001,2775.91,0.0,612500.2000000001
2025-05-15,774.229,1950.07,142.52673750838363,-6.925716800804831,80.0,1800,599345.78,2724.299,0.0,601145.78
2025-05-16,2901.447,249.272,228.44849932930921,8.085347501676727,80.0,1800,693158.18,3150.719,212174.0,694958.18
2025-05-17,4682.749,878.53,225.3151471327968,10.852167169684776,80.0,1800,1223481.38,5561.2789999999995,304337.52,1225281.38
2025-05-18,1476.297,342.015,199.10200578470824,17.28988304828974,80.0,1800,400028.64,1818.312,90742.56000000001,401828.64
2025-05-19,2773.821,1128.171,182.60471369885985,-25.969546445338697,80.0,1800,858438.24,3901.992,131652.0,860238.24
2025-05-20,1331.155,2986.969,200.11028252850437,5.7339725855130785,80.0,1800,949987.28,4318.124,0.0,951787.28
2025-05-21,117.901,2364.984,94.40469693158953,16.210332830315224,80.0,1800,546234.7,2482.8849999999998,0.0,548034.7
2025-05-22,3500.379,1477.566,215.2399626928236,19.375100603621732,80.0,1800,1095147.9,4977.945,161825.03999999998,1096947.9
2025-05-23,509.544,1507.196,130.63497023809524,15.890889084507043,80.0,1800,443682.8,2016.7399999999998,0.0,445482.8
2025-05-24,1371.162,1393.289,150.96641515761235,2.3211623910127446,80.0,1800,608179.22,2764.451,0.0,609979.22
2025-05-25,2013.102,1364.888,123.70215878604965,-10.095806086519115,80.0,1800,743157.8,3377.99,51857.12000000001,744957.8
2025-05-26,2614.552,231.587,222.6203890006707,11.862508383635145,80.0,1800,626150.5800000001,2846.139,190637.2,627950.5800000001
2025-05-27,696.966,1622.501,162.6665723507713,-5.904252598926894,80.0,1800,510282.74,2319.467,0.0,512082.74
2025-05-28,411.075,1338.4759999999999,104.68967764922871,26.89470992622401,80.0,1800,384901.22,1749.551,0.0,386701.22
2025-05-29,760.901,919.408,149.71098675385647,9.86240568410463,80.0,1800,369667.98,1680.309,0.0,371467.98
2025-05-30,700.636,1961.174,139.4939155767941,-19.433851022803488,80.0,1800,585598.2,2661.81,0.0,587398.2
2025-05-31,877.164,873.679,153.38882671026158,-36.578789403085175,80.0,1800,385185.45999999996,1750.8429999999998,278.8000000000011,386985.45999999996
2025-06-01,150.208,2462.115,63.93423247820255,-60.86221914822267,80.0,1800,574711.0599999999,2612.323,0.0,576511.0599999999
2025-06-02,157.38400000000001,987.112,89.0991742119383,-44.088229376257544,80.0,1800,251789.12,1144.496,0.0,253589.12
2025-06-03,314.432,861.3,122.42805373910129,-37.293536217303824,80.0,1800,258661.04,1175.732,0.0,260461.04
2025-06-04,358.938,493.319,147.93256413480887,32.32840375586854,80.0,1800,187496.54,852.2570000000001,0.0,189296.54
2025-06-05,485.31,1000.345,130.65033744131458,26.164763581488938,80.0,1800,326844.1,1485.655,0.0,328644.1
2025-06-06,754.512,1351.431,125.87135311871229,21.366911887994636,80.0,1800,463307.45999999996,2105.943,0.0,465107.45999999996
2025-06-07,219.106,943.631,100.06647803487591,14.269829393024816,80.0,1800,255802.14,1162.737,0.0,257602.14
2025-06-08,188.033,2897.077,74.24151785714285,-33.23870305164319,80.0,1800,678724.2000000001,3085.11,0.0,680524.2000000001
2025-06-09,276.802,2042.011,78.46574446680081,-56.0289214453387,80.0,1800,510138.86,2318.813,0.0,511938.86
2025-06-10,1642.121,2111.611,172.52914361167004,-50.949109238765935,80.0,1800,825821.04,3753.732,0.0,827621.04
2025-06-11,471.568,1450.496,134.66292546948355,11.671225268276325,80.0,1800,422854.07999999996,1922.064,0.0,424654.07999999996
2025-06-12,981.175,2598.053,178.10670481220657,8.99493209255533,80.0,1800,787430.1599999999,3579.228,0.0,789230.1599999999
2025-06-13,456.353,2119.824,116.57815434272301,-10.784769030851777,80.0,1800,566758.9400000001,2576.177,0.0,568558.9400000001
2025-06-14,562.146,1651.432,108.51616364855802,9.657983316566064,80.0,1800,486987.16,2213.578,0.0,488787.16
2025-06-15,280.247,3652.875,85.47485747820257,-37.83932553655265,80.0,1800,865286.84,3933.122,0.0,867086.84
2025-06-16,501.34499999999997,1856.923,95.58474807176391,20.865669014084506,80.0,1800,518818.95999999996,2358.268,0.0,520618.95999999996
2025-06-17,517.144,1647.804,111.25642605633804,-3.8702842052313877,80.0,1800,476288.56,2164.9480000000003,0.0,478088.56
2025-06-18,1765.629,895.495,160.7556484741784,-20.376312038900064,80.0,1800,585447.28,2661.124,69610.71999999999,587247.28
2025-06-19,504.879,449.088,132.6337001173709,12.166046277665997,80.0,1800,209872.74,953.9670000000001,4463.28,211672.74
2025-06-20,500.223,1889.938,96.10158241113346,-31.18059817236754,80.0,1800,525835.42,2390.161,0.0,527635.42
2025-06-21,483.048,1605.143,117.82837022132797,-45.76413480885312,80.0,1800,459402.02,2088.191,0.0,461202.02
2025-06-22,718.933,990.405,128.24084926224012,-4.1919370389000665,80.0,1800,376054.36,1709.338,0.0,377854.36
2025-06-23,856.528,1751.805,127.62786301140176,21.372124413145542,80.0,1800,573833.26,2608.333,0.0,575633.26
2025-06-24,190.43,1852.136,86.05440560026828,-0.30136443661971835,80.0,1800,449364.51999999996,2042.566,0.0,451164.51999999996
2025-06-25,1274.724,625.085,124.84636150234742,26.43571847753186,80.0,1800,417957.98,1899.809,51971.119999999995,419757.98
2025-06-26,4745.915,192.012,240.03184314218643,43.07968016431925,80.0,1800,1086343.94,4937.927,364312.24,1088143.94
2025-06-27,1033.755,894.865,156.42648390342052,42.75099555667338,80.0,1800,424296.4,1928.6200000000001,11111.200000000008,426096.4
2025-06-28,1558.697,884.1899999999999,186.99049924547285,-36.57354543930248,80.0,1800,537435.1399999999,2442.8869999999997,53960.56,539235.1399999999
2025-06-29,800.435,3234.555,135.86823231052986,-72.94525695841718,80.0,1800,887697.7999999999,4034.99,0.0,889497.7999999999
2025-06-30,1331.878,845.871,171.7500209590879,-6.4403252850435955,80.0,1800,479104.77999999997,2177.749,38880.56,480904.77999999997
2025-07-01,559.149,2584.744,123.74184062709593,-29.686823021462104,80.0,1800,691656.4600000001,3143.893,0.0,693456.4600000001
2025-07-02,131.587,1725.9,48.27189176727029,-45.87944751844399,80.0,1800,408647.14,1857.487,0.0,410447.14
2025-07-03,614.42,307.949,150.73101525821596,27.44066901408451,80.0,1800,202921.18,922.3689999999999,24517.679999999997,204721.18
2025-07-04,1298.944,102.198,156.68300637156273,49.08271504024145,80.0,1800,308251.24,1401.142,95739.68,310051.24
2025-07-05,281.26099999999997,997.138,93.58454896042925,5.994812625754528,80.0,1800,281247.78,1278.399,0.0,283047.78
2025-07-06,1000.935,1480.747,146.81893653588196,-16.17410295103957,80.0,1800,545970.04,2481.682,0.0,547770.04
2025-07-07,943.999,835.351,162.15791205566734,47.593844315895375,80.0,1800,391457.0,1779.35,8691.840000000002,393257.0
2025-07-08,2116.918,271.895,215.8719211099933,21.27008928571429,80.0,1800,525538.86,2388.813,147601.84000000003,527338.86
2025-07-09,1582.3220000000001,2824.578,184.47638749161638,9.345590207914151,80.0,1800,969518.0,4406.9,0.0,971318.0
2025-07-10,70.089,1773.203,56.21245598591549,-27.278586099932927,80.0,1800,405524.24,1843.292,0.0,407324.24
2025-07-11,97.919,1724.378,69.89966675050302,15.720089285714288,80.0,1800,400905.33999999997,1822.297,0.0,402705.33999999997
2025-07-12,360.689,864.355,104.01305960764587,6.460213363514421,80.0,1800,269509.68,1225.044,0.0,271309.68
2025-07-13,124.87100000000001,770.72,93.0204036720322,12.895657276995303,80.0,1800,197030.02,895.591,0.0,198830.02
2025-07-14,799.065,1004.766,134.78088112005366,21.921910630449364,80.0,1800,396842.82,1803.8310000000001,0.0,398642.82
2025-07-15,162.165,707.595,105.81065979208586,38.276894701542595,80.0,1800,191347.19999999998,869.76,0.0,193147.19999999998
2025-07-16,453.987,1994.215,144.49664445003353,5.22963195841717,80.0,1800,538604.44,2448.2019999999998,0.0,540404.44
2025-07-17,987.508,2988.302,166.03190182763248,-5.614449195171026,80.0,1800,874678.2000000001,3975.8100000000004,0.0,876478.2000000001
2025-07-18,456.793,3740.074,79.31424379611,-80.91377850435948,80.0,1800,923310.74,4196.867,0.0,925110.74
2025-07-19,459.007,209.562,180.17343435613682,20.5029300804829,80.0,1800,147085.18,668.569,19955.6,148885.18
2025-07-20,306.589,645.698,108.39861879611,-25.746271378269615,80.0,1800,209503.14,952.287,0.0,211303.14
2025-07-21,460.461,992.129,105.03542505030181,32.03564512072435,80.0,1800,319569.8,1452.5900000000001,0.0,321369.8
2025-07-22,1046.121,1062.349,131.9559335177733,-1.9183601609657932,80.0,1800,463863.4,2108.4700000000003,0.0,465663.4
2025-07-23,1127.358,1112.276,161.91519114688128,-18.802554912810194,80.0,1800,492719.48,2239.634,1206.5599999999904,494519.48
2025-07-24,1293.527,264.173,204.9222690308518,51.158159372904095,80.0,1800,342694.0,1557.7,82348.32,344494.0
2025-07-25,1540.174,457.653,212.34215291750505,38.70613472501677,80.0,1800,439521.93999999994,1997.827,86601.68,441321.93999999994
2025-07-26,1857.6779999999999,377.567,158.3639021629779,49.85472417840376,80.0,1800,491753.89999999997,2235.245,118408.87999999999,493553.89999999997
2025-07-27,1389.387,302.262,174.33253898390342,54.22147048960429,80.0,1800,372162.78,1691.649,86970.0,373962.78
2025-07-28,1299.492,619.116,181.20491700201208,31.629514587525154,80.0,1800,422093.76,1918.608,54430.08,423893.76
2025-07-29,1804.8790000000001,1980.924,155.75369927900738,-1.0592869718309845,80.0,1800,832876.6599999999,3785.803,0.0,834676.6599999999
2025-07-30,683.088,1059.416,139.95266809188465,1.3976714453386994,80.0,1800,383350.88,1742.504,0.0,385150.88
2025-07-31,503.59000000000003,340.476,139.48881623071765,36.998780181086524,80.0,1800,185694.52000000002,844.066,13049.120000000003,187494.52000000002
2025-08-01,238.352,1287.237,109.18202967806842,10.825153001341384,80.0,1800,335629.58,1525.5890000000002,0.0,337429.58
2025-08-02,576.7,591.763,153.3112089201878,24.242310110663983,80.0,1800,257061.86000000002,1168.4630000000002,0.0,258861.86000000002
2025-08-03,984.11,309.918,142.16094273977197,0.038000922199868135,80.0,1800,284686.16000000003,1294.028,53935.36,286486.16000000003
2025-08-04,488.00800000000004,623.117,98.99085974178405,38.875918008048295,80.0,1800,244447.5,1111.125,0.0,246247.5
2025-08-05,373.635,1304.792,90.53916624748491,-6.1223214285714285,80.0,1800,369253.94,1678.427,0.0,371053.94
2025-08-06,817.672,1229.216,144.38738262910798,-68.23933811200537,80.0,1800,450315.36,2046.888,0.0,452115.36
2025-08-07,1319.356,1561.165,135.02823817907446,-50.16116490610329,80.0,1800,633714.62,2880.5209999999997,0.0,635514.62
2025-08-08,295.253,829.64,101.00892647551979,-27.062284121395038,80.0,1800,247476.46,1124.893,0.0,249276.46
2025-08-09,246.367,260.45,106.89253018108651,27.909429493628437,80.0,1800,111499.73999999999,506.817,0.0,113299.73999999999
2025-08-10,1126.913,299.877,132.11668762575454,23.00379569081154,80.0,1800,313893.80000000005,1426.79,66162.88,315693.80000000005
2025-08-11,515.805,1348.463,97.00991993628439,-40.16118376928236,80.0,1800,410138.95999999996,1864.268,0.0,411938.95999999996
2025-08-12,286.824,1021.193,83.81149186787391,-26.25399061032864,80.0,1800,287763.74,1308.017,0.0,289563.74
2025-08-13,1851.117,595.472,145.83035504694837,2.7912977867203224,80.0,1800,538249.58,2446.589,100451.6,540049.58
2025-08-14,647.852,290.327,148.29839872568746,25.24383593226023,80.0,1800,206399.38,938.179,28602.0,208199.38
2025-08-15,61.814,789.402,60.56522887323944,22.12254359490275,80.0,1800,187267.52,851.216,0.0,189067.52
2025-08-16,448.618,752.747,107.57112676056339,33.090748658618374,80.0,1800,264300.3,1201.365,0.0,266100.3
2025-08-17,127.96900000000001,507.424,79.32690308517773,51.12376760563381,80.0,1800,139786.46,635.393,0.0,141586.46
2025-08-18,150.375,3378.67,72.28604543930248,-30.885070841716967,80.0,1800,776389.9,3529.045,0.0,778189.9
2025-08-19,492.561,1271.482,117.28658618376927,1.7000838363514432,80.0,1800,388089.45999999996,1764.043,0.0,389889.45999999996
2025-08-20,128.669,1626.4759999999999,79.89656899731723,-26.574281103286385,80.0,1800,386131.89999999997,1755.145,0.0,387931.89999999997
2025-08-21,550.854,244.807,141.85438464118042,25.57004946344735,80.0,1800,175045.42,795.6610000000001,24483.760000000002,176845.42
2025-08-22,2259.109,3296.463,94.95529426559357,-21.84318620053655,80.0,1800,1222225.8399999999,5555.572,0.0,1224025.8399999999
2025-08-23,56.396,1279.232,73.29852448021462,-48.82299211938297,80.0,1800,293838.16,1335.628,0.0,295638.16
2025-08-24,453.77,2532.347,70.13363304828974,-56.83615233065057,80.0,1800,656945.7400000001,2986.117,0.0,658745.7400000001
2025-08-25,88.523,1871.526,58.036447853789404,-53.03000712608988,80.0,1800,431210.78,1960.049,0.0,433010.78
2025-08-26,133.003,1945.429,63.22765551643192,-9.781968896713614,80.0,1800,457255.04,2078.4320000000002,0.0,459055.04
2025-08-27,201.55,1794.198,85.98526995305166,14.37449698189135,80.0,1800,439064.56,1995.748,0.0,440864.56
2025-08-28,287.93899999999996,848.1899999999999,105.46405935613683,14.161827213279679,80.0,1800,249948.37999999998,1136.129,0.0,251748.37999999998
2025-08-29,69.902,2258.983,50.03478370221328,-1.02810404091214,80.0,1800,512354.7,2328.885,0.0,514154.7
2025-08-30,552.052,429.572,144.0726421026157,26.93663648558015,80.0,1800,215957.28,981.624,9798.400000000001,217757.28
2025-08-31,479.485,1402.855,106.6129527162978,8.771508215962442,80.0,1800,414114.8,1882.3400000000001,0.0,415914.8
2025-09-01,683.759,823.232,125.90924714956407,22.54627557008719,80.0,1800,331538.02,1506.991,0.0,333338.02
2025-09-02,805.0169999999999,344.385,171.67520330315224,33.05637785043595,80.0,1800,252868.44,1149.402,36850.56,254668.44
2025-09-03,1239.735,778.681,210.2203994802146,17.94655642186452,80.0,1800,444051.51999999996,2018.416,36884.31999999999,445851.51999999996
2025-09-04,528.694,1678.198,99.15991993628438,-12.674821847753185,80.0,1800,485516.24,2206.892,0.0,487316.24
2025-09-05,212.28,1439.508,107.78133174044267,21.32960680751174,80.0,1800,363393.36,1651.788,0.0,365193.36
2025-09-06,416.98,1102.046,126.36904761904763,4.810496311200537,80.0,1800,334185.72000000003,1519.026,0.0,335985.72000000003
2025-09-07,248.033,1655.447,87.07815853454059,13.207052733065057,80.0,1800,418765.6,1903.4799999999998,0.0,420565.6
2025-09-08,193.935,1361.729,99.08700746143529,-1.7791645707578798,80.0,1800,342246.08,1555.664,0.0,344046.08
2025-09-09,970.512,374.405,150.0829183433937,43.57949362843729,80.0,1800,295881.74,1344.917,47688.56,297681.74
2025-09-10,963.8389999999999,331.311,151.83187248490947,45.449115526492285,80.0,1800,284933.0,1295.1499999999999,50602.240000000005,286733.0
2025-09-11,757.457,759.16,118.50071889671362,17.64227028839705,80.0,1800,333655.74,1516.617,0.0,335455.74
2025-09-12,670.451,569.715,150.72960471160295,8.804963112005368,80.0,1800,272836.52,1240.1660000000002,8058.879999999999,274636.52
2025-09-13,496.11,1410.775,116.98985160965795,-18.73435823272971,80.0,1800,419514.7,1906.8850000000002,0.0,421314.7
2025-09-14,598.79,871.134,97.7992496646546,-3.708628856472165,80.0,1800,323383.28,1469.924,0.0,325183.28
2025-09-15,680.136,2396.414,97.90529216968478,-23.678799882629107,80.0,1800,676841.0,3076.55,0.0,678641.0
2025-09-16,742.999,435.496,145.6831447015426,20.381788648558018,80.0,1800,259268.9,1178.495,24600.240000000005,261068.9
2025-09-17,1565.938,1253.99,134.21086938296446,-24.950171864520456,80.0,1800,620384.16,2819.928,24955.840000000007,622184.16
2025-09-18,31.775000000000002,2204.177,39.382524312541925,-73.21438422199866,80.0,1800,491909.44,2235.952,0.0,493709.44
2025-09-19,597.4110000000001,1005.716,110.94219483568075,7.419185949027498,80.0,1800,352687.94,1603.127,0.0,354487.94
2025-09-20,643.1030000000001,531.169,142.70351064721663,23.67401492287056,80.0,1800,258339.84,1174.272,8954.720000000007,260139.84
2025-09-21,199.469,1118.834,73.7924128101945,-30.572474429912813,80.0,1800,290026.66000000003,1318.303,0.0,291826.66000000003
2025-09-22,509.992,781.426,105.23190182763246,13.590251928236086,80.0,1800,284111.96,1291.4180000000001,0.0,285911.96
2025-09-23,575.058,424.578,142.43961686787392,37.03853328303152,80.0,1800,219919.91999999998,999.636,12038.400000000001,221719.91999999998
2025-09-24,1074.623,346.985,160.72251634808853,46.401421026156946,80.0,1800,312753.76,1421.6080000000002,58211.04,314553.76
2025-09-25,2998.298,406.059,157.3581887156271,23.120053655264925,80.0,1800,748958.5399999999,3404.357,207379.11999999997,750758.5399999999
2025-09-26,1887.299,665.835,134.71982729711604,37.095866867873916,80.0,1800,561689.48,2553.134,97717.12,563489.48
2025-09-27,481.188,667.924,128.71953806170356,20.665295942320594,80.0,1800,252804.64,1149.112,0.0,254604.64
2025-09-28,244.899,1253.338,79.98468938631791,8.759666331321263,80.0,1800,329612.14,1498.237,0.0,331412.14
2025-09-29,1418.6870000000001,562.062,171.72710429242122,36.728827129443324,80.0,1800,435764.78,1980.7490000000003,68530.00000000001,437564.78
2025-09-30,1032.497,741.149,192.93970280013414,25.54053697183099,80.0,1800,390202.12,1773.6460000000002,23307.840000000004,392002.12
2025-10-01,107.414,2472.556,87.96721998658619,37.596221076458754,80.0,1800,567593.4,2579.9700000000003,0.0,569393.4
2025-10-02,2399.826,851.833,200.3282738095238,27.433037810194502,80.0,1800,715364.98,3251.659,123839.44,717164.98
2025-10-03,2237.357,403.39300000000003,171.81647593896716,38.89344190140845,80.0,1800,580965.0,2640.75,146717.12,582765.0
2025-10-04,2963.324,378.258,168.62055248155602,33.62040367203219,80.0,1800,735148.04,3341.582,206805.28000000003,736948.04
2025-10-05,488.431,1427.621,99.98556757209927,30.56224010731053,80.0,1800,421531.44,1916.0520000000001,0.0,423331.44
2025-10-06,5951.565,115.40599999999999,267.9204979879276,33.07251844399732,80.0,1800,1334733.6199999999,6066.971,466892.72,1336533.6199999999
2025-10-07,2571.863,644.2139999999999,236.16983568075116,22.823518192488265,80.0,1800,707536.94,3216.0769999999998,154211.91999999998,709336.94
2025-10-08,6565.865,214.658,259.1017899061033,28.40983190811536,80.0,1800,1491715.06,6780.523,508096.55999999994,1493515.06
2025-10-09,1106.663,966.781,161.1536531690141,34.029690643863184,80.0,1800,456157.68,2073.444,11190.560000000005,457957.68
2025-10-10,1205.264,895.821,166.5926370724346,32.00284205231389,80.0,1800,462238.69999999995,2101.085,24755.439999999988,464038.69999999995
2025-10-11,1409.284,307.521,171.01430876928237,41.21181254191818,80.0,1800,377697.10000000003,1716.805,88141.04000000001,379497.10000000003
2025-10-12,1031.645,390.822,125.53600561703554,41.348977196512415,80.0,1800,312942.74,1422.467,51265.84,314742.74
2025-10-13,903.067,982.839,166.95765006706907,5.999991616364857,80.0,1800,414899.32,1885.906,0.0,416699.32
2025-10-14,394.571,1213.418,117.19811158618377,28.090928906773982,80.0,1800,353757.57999999996,1607.989,0.0,355557.57999999996
2025-10-15,1472.427,253.196,201.88656522468145,51.453125,80.0,1800,379637.06,1725.6229999999998,97538.48,381437.06
2025-10-16,3174.875,224.758,208.92651324614351,41.0596600435949,80.0,1800,747919.26,3399.633,236009.36000000002,749719.26
2025-10-17,1948.909,744.297,154.03797157947687,37.447407360831654,80.0,1800,592505.3200000001,2693.206,96368.96,594305.3200000001
2025-10-18,2801.563,122.502,221.80308727364186,40.14639294097921,80.0,1800,643294.2999999999,2924.065,214324.88,645094.2999999999
2025-10-19,29.907,2287.415,78.60775695841717,22.105160127431258,80.0,1800,509810.83999999997,2317.322,0.0,511610.83999999997
2025-10-20,1155.074,1922.443,192.49645162642523,18.892930499664654,80.0,1800,677053.74,3077.517,0.0,678853.74
2025-10-21,301.594,714.0120000000001,131.1641075620389,40.68687751509054,80.0,1800,223433.32,1015.606,0.0,225233.32
2025-10-22,364.105,832.696,117.53068200871898,35.407123993963786,80.0,1800,263296.22,1196.801,0.0,265096.22
2025-10-23,2997.084,289.824,228.6934838195842,42.009559439973174,80.0,1800,723119.76,3286.908,216580.8,724919.76
2025-10-24,1547.162,1969.522,127.54040912139504,0.13122275318578205,80.0,1800,773670.48,3516.684,0.0,775470.48
2025-10-25,327.317,1601.892,107.99038816230718,22.141966381623075,80.0,1800,424425.98,1929.209,0.0,426225.98
2025-10-26,3736.716,394.231,113.68251307847083,18.037255533199197,80.0,1800,908808.34,4130.947,267398.8,910608.34
2025-10-27,1801.531,1643.404,175.42937416163647,-4.861690979208585,80.0,1800,757885.7,3444.935,12650.159999999996,759685.7
2025-10-28,1569.143,2127.43,163.4738744969819,-4.351416834339368,80.0,1800,813246.06,3696.573,0.0,815046.06
2025-10-29,238.764,1447.294,121.07165492957746,6.971143527833669,80.0,1800,370932.76,1686.058,0.0,372732.76
2025-10-30,364.446,852.255,129.0863556338028,42.905988011401746,80.0,1800,267674.22000000003,1216.701,0.0,269474.22000000003
2025-10-31,1599.671,801.385,190.3665094735077,33.911814637826964,80.0,1800,528232.3200000001,2401.056,63862.880000000005,530032.3200000001
2025-11-01,164.437,2382.6,90.67031564386319,-14.75571344735077,80.0,1800,560348.14,2547.037,0.0,562148.14
2025-11-02,323.636,1661.434,112.4786070590208,27.55007964453387,80.0,1800,436715.39999999997,1985.07,0.0,438515.39999999997
2025-11-03,244.663,2578.715,99.78632209926224,15.243439805499664,80.0,1800,621143.16,2823.378,0.0,622943.16
2025-11-04,543.105,1624.001,101.37942027162978,17.032777917505033,80.0,1800,476763.31999999995,2167.1059999999998,0.0,478563.31999999995
2025-11-05,1119.503,808.914,161.92168636820927,35.014870472837025,80.0,1800,424251.74,1928.417,24847.119999999995,426051.74
2025-11-06,1075.304,680.297,162.60892647551978,17.585578051643193,80.0,1800,386232.22,1755.601,31600.560000000005,388032.22
